When,Date,Hour,Weekday,Campus,Category,Mode,Count,Recorded by,Source,Tap id
,2025-10-06,,Monday,Fayetteville,General Ref,In person,1,,LimeSurvey 71,
,2025-10-07,,Tuesday,Fayetteville,Directional,In person,2,,LimeSurvey 71,
,2025-10-07,,Tuesday,Fayetteville,General Ref,In person,2,,LimeSurvey 71,
,2025-10-08,,Wednesday,Fayetteville,Directional,In person,2,,LimeSurvey 71,
,2025-10-08,,Wednesday,Fayetteville,General Ref,In person,1,,LimeSurvey 71,
,2025-10-09,,Thursday,Fayetteville,Reference & Instruction,In person,1,,LimeSurvey 71,
,2025-10-20,,Monday,Fayetteville,D2L,In person,1,,LimeSurvey 45,
,2025-10-30,,Thursday,Fayetteville,Directional,In person,2,,LimeSurvey 107,
,2025-10-30,,Thursday,Fayetteville,General Ref,In person,1,,LimeSurvey 107,
,2025-11-05,,Wednesday,Fayetteville,General Ref,Remote,1,,LimeSurvey 103,
,2025-11-05,,Wednesday,Fayetteville,Reference & Instruction,In person,1,,LimeSurvey 103,
,2025-11-06,,Thursday,Fayetteville,Tech Support,In person,1,,LimeSurvey 103,
,2025-11-17,,Monday,Fayetteville,Reference & Instruction,In person,1,,LimeSurvey 95,
,2025-11-20,,Thursday,Fayetteville,Reference & Instruction,In person,1,,LimeSurvey 95,
,2025-12-08,,Monday,Fayetteville,Directional,In person,1,,LimeSurvey 55,
,2025-12-08,,Monday,Fayetteville,General Ref,In person,1,,LimeSurvey 55,
,2025-12-08,,Monday,Fayetteville,Tech Support,In person,2,,LimeSurvey 55,
,2025-12-09,,Tuesday,Fayetteville,General Ref,Remote,1,,LimeSurvey 55,
,2025-12-12,,Friday,Fayetteville,Directional,In person,1,,LimeSurvey 55,
,2026-01-07,,Wednesday,Fayetteville,Tech Support,In person,1,,LimeSurvey 91,
,2026-01-12,,Monday,Fayetteville,Directional,In person,1,,LimeSurvey 87,
,2026-01-12,,Monday,Fayetteville,Tech Support,In person,1,,LimeSurvey 87,
,2026-01-16,,Friday,Fayetteville,Directional,In person,1,,LimeSurvey 87,
,2026-02-05,,Thursday,Fayetteville,Reference & Instruction,In person,1,,LimeSurvey 112,
,2026-02-12,,Thursday,Fayetteville,Reference & Instruction,In person,1,,LimeSurvey 115,
,2026-02-18,,Wednesday,Fayetteville,Directional,In person,1,,LimeSurvey 118,
,2026-05-20,,Wednesday,Fayetteville,General Ref,In person,1,,LimeSurvey 173,
,2025-09-22,,Monday,McMinnville,General Ref,In person,2,,LimeSurvey 82,
,2025-09-22,,Monday,McMinnville,Tech Support,In person,1,,LimeSurvey 82,
,2025-09-23,,Tuesday,McMinnville,General Ref,In person,2,,LimeSurvey 82,
,2025-09-23,,Tuesday,McMinnville,General Ref,Remote,1,,LimeSurvey 82,
,2025-09-23,,Tuesday,McMinnville,Tech Support,In person,5,,LimeSurvey 82,
,2025-09-24,,Wednesday,McMinnville,Tech Support,In person,2,,LimeSurvey 82,
,2025-09-25,,Thursday,McMinnville,General Ref,In person,2,,LimeSurvey 82,
,2025-09-25,,Thursday,McMinnville,Library Search,In person,2,,LimeSurvey 82,
,2025-09-25,,Thursday,McMinnville,Reference & Instruction,In person,1,,LimeSurvey 82,
,2025-09-26,,Friday,McMinnville,Directional,In person,1,,LimeSurvey 82,
,2025-09-26,,Friday,McMinnville,General Ref,In person,1,,LimeSurvey 82,
,2025-09-29,,Monday,McMinnville,General Ref,In person,3,,LimeSurvey 77,
,2025-09-29,,Monday,McMinnville,Reference & Instruction,In person,1,,LimeSurvey 77,
,2025-09-29,,Monday,McMinnville,Tech Support,In person,3,,LimeSurvey 77,
,2025-09-30,,Tuesday,McMinnville,Tech Support,In person,2,,LimeSurvey 77,
,2025-10-01,,Wednesday,McMinnville,General Ref,In person,1,,LimeSurvey 77,
,2025-10-01,,Wednesday,McMinnville,General Ref,Remote,1,,LimeSurvey 77,
,2025-10-01,,Wednesday,McMinnville,Reference & Instruction,In person,2,,LimeSurvey 77,
,2025-10-01,,Wednesday,McMinnville,Tech Support,In person,2,,LimeSurvey 77,
,2025-10-02,,Thursday,McMinnville,General Ref,In person,3,,LimeSurvey 77,
,2025-10-02,,Thursday,McMinnville,Library Search,Remote,1,,LimeSurvey 77,
,2025-10-02,,Thursday,McMinnville,Reference & Instruction,In person,3,,LimeSurvey 77,
,2025-10-02,,Thursday,McMinnville,Tech Support,In person,4,,LimeSurvey 77,
,2025-10-06,,Monday,McMinnville,Directional,In person,3,,LimeSurvey 73,
,2025-10-06,,Monday,McMinnville,General Ref,Remote,2,,LimeSurvey 73,
,2025-10-06,,Monday,McMinnville,Tech Support,In person,3,,LimeSurvey 73,
,2025-10-07,,Tuesday,McMinnville,Directional,In person,3,,LimeSurvey 73,
,2025-10-07,,Tuesday,McMinnville,Tech Support,In person,1,,LimeSurvey 73,
,2025-10-08,,Wednesday,McMinnville,Directional,In person,8,,LimeSurvey 73,
,2025-10-08,,Wednesday,McMinnville,General Ref,In person,4,,LimeSurvey 73,
,2025-10-08,,Wednesday,McMinnville,Tech Support,In person,5,,LimeSurvey 73,
,2025-10-09,,Thursday,McMinnville,General Ref,In person,2,,LimeSurvey 73,
,2025-10-09,,Thursday,McMinnville,Library Search,In person,1,,LimeSurvey 73,
,2025-10-09,,Thursday,McMinnville,Reference & Instruction,In person,3,,LimeSurvey 73,
,2025-10-09,,Thursday,McMinnville,Tech Support,In person,3,,LimeSurvey 73,
,2025-10-13,,Monday,McMinnville,Directional,In person,2,,LimeSurvey 56,
,2025-10-15,,Wednesday,McMinnville,Directional,In person,1,,LimeSurvey 56,
,2025-10-15,,Wednesday,McMinnville,General Ref,In person,2,,LimeSurvey 56,
,2025-10-15,,Wednesday,McMinnville,Library Search,In person,1,,LimeSurvey 56,
,2025-10-16,,Thursday,McMinnville,Library Search,In person,5,,LimeSurvey 56,
,2025-10-16,,Thursday,McMinnville,Reference & Instruction,In person,5,,LimeSurvey 56,
,2025-10-16,,Thursday,McMinnville,Reference & Instruction,Remote,1,,LimeSurvey 56,
,2025-10-17,,Friday,McMinnville,General Ref,In person,2,,LimeSurvey 56,
,2025-10-17,,Friday,McMinnville,Tech Support,In person,1,,LimeSurvey 56,
,2025-10-20,,Monday,McMinnville,Directional,In person,1,,LimeSurvey 52,
,2025-10-20,,Monday,McMinnville,General Ref,In person,2,,LimeSurvey 52,
,2025-10-20,,Monday,McMinnville,Library Search,In person,1,,LimeSurvey 52,
,2025-10-20,,Monday,McMinnville,Reference & Instruction,In person,4,,LimeSurvey 52,
,2025-10-20,,Monday,McMinnville,Tech Support,In person,1,,LimeSurvey 52,
,2025-10-21,,Tuesday,McMinnville,Directional,In person,2,,LimeSurvey 52,
,2025-10-21,,Tuesday,McMinnville,Library Search,In person,1,,LimeSurvey 52,
,2025-10-21,,Tuesday,McMinnville,Reference & Instruction,In person,3,,LimeSurvey 52,
,2025-10-21,,Tuesday,McMinnville,Reference & Instruction,Remote,1,,LimeSurvey 52,
,2025-10-21,,Tuesday,McMinnville,Tech Support,In person,1,,LimeSurvey 52,
,2025-10-22,,Wednesday,McMinnville,Library Search,In person,1,,LimeSurvey 52,
,2025-10-22,,Wednesday,McMinnville,Reference & Instruction,In person,2,,LimeSurvey 52,
,2025-10-22,,Wednesday,McMinnville,Tech Support,In person,3,,LimeSurvey 52,
,2025-10-23,,Thursday,McMinnville,Directional,In person,1,,LimeSurvey 52,
,2025-10-23,,Thursday,McMinnville,Reference & Instruction,In person,1,,LimeSurvey 52,
,2025-10-23,,Thursday,McMinnville,Tech Support,In person,1,,LimeSurvey 52,
,2025-10-27,,Monday,McMinnville,Directional,In person,2,,LimeSurvey 106,
,2025-10-27,,Monday,McMinnville,General Ref,In person,3,,LimeSurvey 106,
,2025-10-27,,Monday,McMinnville,Reference & Instruction,In person,1,,LimeSurvey 106,
,2025-10-27,,Monday,McMinnville,Tech Support,In person,1,,LimeSurvey 106,
,2025-10-28,,Tuesday,McMinnville,Directional,In person,1,,LimeSurvey 106,
,2025-10-28,,Tuesday,McMinnville,General Ref,In person,1,,LimeSurvey 106,
,2025-10-28,,Tuesday,McMinnville,Library Search,In person,1,,LimeSurvey 106,
,2025-10-28,,Tuesday,McMinnville,Reference & Instruction,In person,4,,LimeSurvey 106,
,2025-10-28,,Tuesday,McMinnville,Tech Support,In person,3,,LimeSurvey 106,
,2025-10-29,,Wednesday,McMinnville,Directional,In person,1,,LimeSurvey 106,
,2025-10-29,,Wednesday,McMinnville,General Ref,In person,2,,LimeSurvey 106,
,2025-10-29,,Wednesday,McMinnville,Tech Support,In person,1,,LimeSurvey 106,
,2025-10-30,,Thursday,McMinnville,Directional,In person,1,,LimeSurvey 106,
,2025-10-30,,Thursday,McMinnville,Library Search,In person,1,,LimeSurvey 106,
,2025-10-30,,Thursday,McMinnville,Reference & Instruction,In person,2,,LimeSurvey 106,
,2025-10-31,,Friday,McMinnville,Directional,In person,1,,LimeSurvey 106,
,2025-10-31,,Friday,McMinnville,General Ref,In person,1,,LimeSurvey 106,
,2025-11-03,,Monday,McMinnville,General Ref,In person,2,,LimeSurvey 102,
,2025-11-03,,Monday,McMinnville,Tech Support,In person,3,,LimeSurvey 102,
,2025-11-04,,Tuesday,McMinnville,Directional,In person,1,,LimeSurvey 102,
,2025-11-04,,Tuesday,McMinnville,General Ref,In person,1,,LimeSurvey 102,
,2025-11-04,,Tuesday,McMinnville,General Ref,Remote,1,,LimeSurvey 102,
,2025-11-04,,Tuesday,McMinnville,Reference & Instruction,In person,2,,LimeSurvey 102,
,2025-11-04,,Tuesday,McMinnville,Tech Support,In person,2,,LimeSurvey 102,
,2025-11-05,,Wednesday,McMinnville,Reference & Instruction,In person,1,,LimeSurvey 102,
,2025-11-05,,Wednesday,McMinnville,Tech Support,In person,2,,LimeSurvey 102,
,2025-11-06,,Thursday,McMinnville,General Ref,In person,1,,LimeSurvey 102,
,2025-11-10,,Monday,McMinnville,General Ref,Remote,1,,LimeSurvey 99,
,2025-11-10,,Monday,McMinnville,Reference & Instruction,Remote,1,,LimeSurvey 99,
,2025-11-10,,Monday,McMinnville,Tech Support,In person,1,,LimeSurvey 99,
,2025-11-11,,Tuesday,McMinnville,Directional,In person,2,,LimeSurvey 99,
,2025-11-11,,Tuesday,McMinnville,Reference & Instruction,In person,2,,LimeSurvey 99,
,2025-11-11,,Tuesday,McMinnville,Tech Support,In person,3,,LimeSurvey 99,
,2025-11-12,,Wednesday,McMinnville,General Ref,Remote,1,,LimeSurvey 99,
,2025-11-12,,Wednesday,McMinnville,Library Search,In person,1,,LimeSurvey 99,
,2025-11-13,,Thursday,McMinnville,Directional,In person,1,,LimeSurvey 99,
,2025-11-13,,Thursday,McMinnville,Reference & Instruction,In person,1,,LimeSurvey 99,
,2025-11-13,,Thursday,McMinnville,Tech Support,In person,1,,LimeSurvey 99,
,2025-11-17,,Monday,McMinnville,General Ref,In person,1,,LimeSurvey 93,
,2025-11-17,,Monday,McMinnville,Reference & Instruction,In person,1,,LimeSurvey 93,
,2025-11-17,,Monday,McMinnville,Tech Support,In person,1,,LimeSurvey 93,
,2025-11-18,,Tuesday,McMinnville,Directional,In person,1,,LimeSurvey 93,
,2025-11-18,,Tuesday,McMinnville,Library Search,In person,3,,LimeSurvey 93,
,2025-11-18,,Tuesday,McMinnville,Reference & Instruction,In person,3,,LimeSurvey 93,
,2025-11-18,,Tuesday,McMinnville,Tech Support,In person,1,,LimeSurvey 93,
,2025-11-19,,Wednesday,McMinnville,General Ref,In person,1,,LimeSurvey 93,
,2025-11-19,,Wednesday,McMinnville,Library Search,In person,2,,LimeSurvey 93,
,2025-11-19,,Wednesday,McMinnville,Library Search,Remote,1,,LimeSurvey 93,
,2025-11-19,,Wednesday,McMinnville,Reference & Instruction,In person,1,,LimeSurvey 93,
,2025-11-19,,Wednesday,McMinnville,Reference & Instruction,Remote,1,,LimeSurvey 93,
,2025-11-19,,Wednesday,McMinnville,Tech Support,In person,3,,LimeSurvey 93,
,2025-11-20,,Thursday,McMinnville,Directional,In person,6,,LimeSurvey 93,
,2025-11-20,,Thursday,McMinnville,General Ref,In person,4,,LimeSurvey 93,
,2025-11-20,,Thursday,McMinnville,Reference & Instruction,In person,3,,LimeSurvey 93,
,2025-11-21,,Friday,McMinnville,General Ref,Remote,1,,LimeSurvey 93,
,2025-11-24,,Monday,McMinnville,General Ref,In person,1,,LimeSurvey 72,
,2025-11-24,,Monday,McMinnville,Reference & Instruction,In person,1,,LimeSurvey 72,
,2025-11-24,,Monday,McMinnville,Reference & Instruction,Remote,1,,LimeSurvey 72,
,2025-11-24,,Monday,McMinnville,Tech Support,In person,1,,LimeSurvey 72,
,2025-11-25,,Tuesday,McMinnville,Directional,In person,1,,LimeSurvey 72,
,2025-11-25,,Tuesday,McMinnville,Tech Support,In person,1,,LimeSurvey 72,
,2025-12-01,,Monday,McMinnville,Directional,In person,1,,LimeSurvey 59,
,2025-12-01,,Monday,McMinnville,Reference & Instruction,In person,5,,LimeSurvey 59,
,2025-12-01,,Monday,McMinnville,Tech Support,In person,3,,LimeSurvey 59,
,2025-12-02,,Tuesday,McMinnville,General Ref,Remote,3,,LimeSurvey 59,
,2025-12-02,,Tuesday,McMinnville,Reference & Instruction,Remote,2,,LimeSurvey 59,
,2025-12-02,,Tuesday,McMinnville,Tech Support,In person,3,,LimeSurvey 59,
,2025-12-03,,Wednesday,McMinnville,Directional,In person,1,,LimeSurvey 59,
,2025-12-03,,Wednesday,McMinnville,Reference & Instruction,In person,3,,LimeSurvey 59,
,2025-12-03,,Wednesday,McMinnville,Tech Support,In person,1,,LimeSurvey 59,
,2025-12-04,,Thursday,McMinnville,General Ref,Remote,1,,LimeSurvey 59,
,2025-12-04,,Thursday,McMinnville,Tech Support,In person,2,,LimeSurvey 59,
,2025-12-08,,Monday,McMinnville,Directional,In person,2,,LimeSurvey 57,
,2025-12-08,,Monday,McMinnville,Tech Support,In person,2,,LimeSurvey 57,
,2025-12-09,,Tuesday,McMinnville,Directional,In person,1,,LimeSurvey 57,
,2025-12-11,,Thursday,McMinnville,Library Search,In person,1,,LimeSurvey 57,
,2025-12-12,,Friday,McMinnville,Tech Support,In person,2,,LimeSurvey 57,
,2026-01-06,,Tuesday,McMinnville,General Ref,Remote,3,,LimeSurvey 92,
,2026-01-06,,Tuesday,McMinnville,Library Search,Remote,1,,LimeSurvey 92,
,2026-01-06,,Tuesday,McMinnville,Reference & Instruction,In person,1,,LimeSurvey 92,
,2026-01-06,,Tuesday,McMinnville,Tech Support,In person,1,,LimeSurvey 92,
,2026-01-07,,Wednesday,McMinnville,General Ref,Remote,1,,LimeSurvey 92,
,2026-01-12,,Monday,McMinnville,Directional,In person,1,,LimeSurvey 85,
,2026-01-12,,Monday,McMinnville,General Ref,In person,1,,LimeSurvey 85,
,2026-01-12,,Monday,McMinnville,General Ref,Remote,1,,LimeSurvey 85,
,2026-01-13,,Tuesday,McMinnville,Tech Support,In person,2,,LimeSurvey 85,
,2026-01-16,,Friday,McMinnville,Directional,In person,1,,LimeSurvey 85,
,2026-01-20,,Tuesday,McMinnville,Directional,In person,2,,LimeSurvey 78,
,2026-01-20,,Tuesday,McMinnville,General Ref,In person,2,,LimeSurvey 78,
,2026-01-20,,Tuesday,McMinnville,General Ref,Remote,1,,LimeSurvey 78,
,2026-01-20,,Tuesday,McMinnville,Library Search,In person,1,,LimeSurvey 78,
,2026-01-20,,Tuesday,McMinnville,Library Search,Remote,1,,LimeSurvey 78,
,2026-01-20,,Tuesday,McMinnville,Reference & Instruction,Remote,1,,LimeSurvey 78,
,2026-01-20,,Tuesday,McMinnville,Tech Support,In person,5,,LimeSurvey 78,
,2026-01-21,,Wednesday,McMinnville,D2L,In person,1,,LimeSurvey 78,
,2026-01-21,,Wednesday,McMinnville,General Ref,Remote,1,,LimeSurvey 78,
,2026-01-21,,Wednesday,McMinnville,Reference & Instruction,In person,2,,LimeSurvey 78,
,2026-01-21,,Wednesday,McMinnville,Tech Support,In person,3,,LimeSurvey 78,
,2026-01-22,,Thursday,McMinnville,D2L,In person,1,,LimeSurvey 78,
,2026-01-22,,Thursday,McMinnville,Directional,In person,1,,LimeSurvey 78,
,2026-01-22,,Thursday,McMinnville,General Ref,In person,1,,LimeSurvey 78,
,2026-01-22,,Thursday,McMinnville,Tech Support,In person,2,,LimeSurvey 78,
,2026-02-02,,Monday,McMinnville,Directional,In person,1,,LimeSurvey 110,
,2026-02-02,,Monday,McMinnville,Library Search,In person,2,,LimeSurvey 110,
,2026-02-02,,Monday,McMinnville,Reference & Instruction,In person,2,,LimeSurvey 110,
,2026-02-04,,Wednesday,McMinnville,General Ref,In person,1,,LimeSurvey 110,
,2026-02-04,,Wednesday,McMinnville,Tech Support,In person,2,,LimeSurvey 110,
,2026-02-05,,Thursday,McMinnville,General Ref,In person,2,,LimeSurvey 110,
,2026-02-09,,Monday,McMinnville,General Ref,In person,1,,LimeSurvey 113,
,2026-02-09,,Monday,McMinnville,Reference & Instruction,In person,2,,LimeSurvey 113,
,2026-02-09,,Monday,McMinnville,Tech Support,In person,3,,LimeSurvey 113,
,2026-02-10,,Tuesday,McMinnville,Tech Support,Remote,1,,LimeSurvey 113,
,2026-02-11,,Wednesday,McMinnville,Reference & Instruction,In person,1,,LimeSurvey 113,
,2026-02-11,,Wednesday,McMinnville,Tech Support,In person,3,,LimeSurvey 113,
,2026-02-12,,Thursday,McMinnville,General Ref,Remote,1,,LimeSurvey 113,
,2026-02-12,,Thursday,McMinnville,Library Search,In person,1,,LimeSurvey 113,
,2026-02-12,,Thursday,McMinnville,Reference & Instruction,In person,1,,LimeSurvey 113,
,2026-02-12,,Thursday,McMinnville,Tech Support,In person,3,,LimeSurvey 113,
,2026-02-13,,Friday,McMinnville,General Ref,Remote,3,,LimeSurvey 113,
,2026-02-13,,Friday,McMinnville,Reference & Instruction,In person,1,,LimeSurvey 113,
,2026-02-13,,Friday,McMinnville,Tech Support,In person,1,,LimeSurvey 113,
,2026-02-16,,Monday,McMinnville,Directional,In person,1,,LimeSurvey 126,
,2026-02-16,,Monday,McMinnville,General Ref,In person,1,,LimeSurvey 126,
,2026-02-16,,Monday,McMinnville,Tech Support,In person,3,,LimeSurvey 126,
,2026-02-17,,Tuesday,McMinnville,General Ref,In person,1,,LimeSurvey 126,
,2026-02-18,,Wednesday,McMinnville,Directional,In person,2,,LimeSurvey 126,
,2026-02-18,,Wednesday,McMinnville,General Ref,In person,1,,LimeSurvey 126,
,2026-02-18,,Wednesday,McMinnville,Library Search,In person,1,,LimeSurvey 126,
,2026-02-18,,Wednesday,McMinnville,Reference & Instruction,In person,1,,LimeSurvey 126,
,2026-02-18,,Wednesday,McMinnville,Tech Support,In person,4,,LimeSurvey 126,
,2026-02-19,,Thursday,McMinnville,Directional,In person,1,,LimeSurvey 126,
,2026-02-19,,Thursday,McMinnville,Tech Support,In person,2,,LimeSurvey 126,
,2026-02-20,,Friday,McMinnville,Directional,In person,1,,LimeSurvey 126,
,2026-02-20,,Friday,McMinnville,Tech Support,In person,1,,LimeSurvey 126,
,2026-02-23,,Monday,McMinnville,Directional,In person,1,,LimeSurvey 123,
,2026-02-23,,Monday,McMinnville,General Ref,In person,2,,LimeSurvey 123,
,2026-02-23,,Monday,McMinnville,Library Search,In person,1,,LimeSurvey 123,
,2026-02-23,,Monday,McMinnville,Reference & Instruction,In person,2,,LimeSurvey 123,
,2026-02-23,,Monday,McMinnville,Tech Support,In person,8,,LimeSurvey 123,
,2026-02-24,,Tuesday,McMinnville,Directional,In person,1,,LimeSurvey 123,
,2026-02-24,,Tuesday,McMinnville,General Ref,In person,2,,LimeSurvey 123,
,2026-02-24,,Tuesday,McMinnville,Tech Support,In person,1,,LimeSurvey 123,
,2026-02-25,,Wednesday,McMinnville,Directional,In person,1,,LimeSurvey 123,
,2026-02-25,,Wednesday,McMinnville,General Ref,In person,2,,LimeSurvey 123,
,2026-02-25,,Wednesday,McMinnville,General Ref,Remote,1,,LimeSurvey 123,
,2026-02-25,,Wednesday,McMinnville,Library Search,In person,2,,LimeSurvey 123,
,2026-02-25,,Wednesday,McMinnville,Reference & Instruction,In person,5,,LimeSurvey 123,
,2026-02-25,,Wednesday,McMinnville,Tech Support,In person,7,,LimeSurvey 123,
,2026-02-26,,Thursday,McMinnville,Library Search,In person,1,,LimeSurvey 123,
,2026-02-26,,Thursday,McMinnville,Reference & Instruction,In person,2,,LimeSurvey 123,
,2026-02-26,,Thursday,McMinnville,Tech Support,In person,4,,LimeSurvey 123,
,2026-03-02,,Monday,McMinnville,Directional,In person,2,,LimeSurvey 141,
,2026-03-02,,Monday,McMinnville,General Ref,In person,2,,LimeSurvey 141,
,2026-03-02,,Monday,McMinnville,General Ref,Remote,1,,LimeSurvey 141,
,2026-03-02,,Monday,McMinnville,Library Search,In person,1,,LimeSurvey 141,
,2026-03-02,,Monday,McMinnville,Tech Support,In person,2,,LimeSurvey 141,
,2026-03-03,,Tuesday,McMinnville,Directional,In person,1,,LimeSurvey 141,
,2026-03-03,,Tuesday,McMinnville,General Ref,In person,1,,LimeSurvey 141,
,2026-03-03,,Tuesday,McMinnville,Tech Support,In person,2,,LimeSurvey 141,
,2026-03-04,,Wednesday,McMinnville,Directional,In person,1,,LimeSurvey 141,
,2026-03-04,,Wednesday,McMinnville,Tech Support,In person,1,,LimeSurvey 141,
,2026-03-05,,Thursday,McMinnville,Directional,In person,1,,LimeSurvey 141,
,2026-03-05,,Thursday,McMinnville,General Ref,In person,1,,LimeSurvey 141,
,2026-03-05,,Thursday,McMinnville,Tech Support,In person,1,,LimeSurvey 141,
,2026-03-13,,Friday,McMinnville,General Ref,Remote,1,,LimeSurvey 140,
,2026-03-15,,Sunday,McMinnville,Library Search,In person,1,,LimeSurvey 139,
,2026-03-16,,Monday,McMinnville,General Ref,Remote,2,,LimeSurvey 139,
,2026-03-18,,Wednesday,McMinnville,D2L,In person,1,,LimeSurvey 139,
,2026-03-18,,Wednesday,McMinnville,Library Search,In person,2,,LimeSurvey 139,
,2026-03-18,,Wednesday,McMinnville,Tech Support,In person,1,,LimeSurvey 139,
,2026-03-20,,Friday,McMinnville,Library Search,Remote,1,,LimeSurvey 139,
,2026-03-23,,Monday,McMinnville,Library Search,In person,1,,LimeSurvey 138,
,2026-03-25,,Wednesday,McMinnville,Tech Support,In person,1,,LimeSurvey 138,
,2026-03-27,,Friday,McMinnville,Library Search,In person,1,,LimeSurvey 138,
,2026-03-30,,Monday,McMinnville,Directional,In person,1,,LimeSurvey 167,
,2026-03-30,,Monday,McMinnville,General Ref,In person,2,,LimeSurvey 167,
,2026-03-30,,Monday,McMinnville,Tech Support,In person,1,,LimeSurvey 167,
,2026-04-01,,Wednesday,McMinnville,General Ref,Remote,1,,LimeSurvey 167,
,2026-04-01,,Wednesday,McMinnville,Library Search,Remote,1,,LimeSurvey 167,
,2026-04-02,,Thursday,McMinnville,Tech Support,In person,3,,LimeSurvey 167,
,2026-04-06,,Monday,McMinnville,Tech Support,In person,3,,LimeSurvey 166,
,2026-04-08,,Wednesday,McMinnville,Library Search,In person,2,,LimeSurvey 166,
,2026-04-08,,Wednesday,McMinnville,Tech Support,In person,1,,LimeSurvey 166,
,2026-04-13,,Monday,McMinnville,Directional,In person,1,,LimeSurvey 165,
,2026-04-13,,Monday,McMinnville,Library Search,In person,1,,LimeSurvey 165,
,2026-04-13,,Monday,McMinnville,Reference & Instruction,In person,2,,LimeSurvey 165,
,2026-04-13,,Monday,McMinnville,Tech Support,In person,3,,LimeSurvey 165,
,2026-04-14,,Tuesday,McMinnville,Tech Support,In person,3,,LimeSurvey 165,
,2026-04-15,,Wednesday,McMinnville,Directional,In person,1,,LimeSurvey 165,
,2026-04-15,,Wednesday,McMinnville,Library Search,In person,1,,LimeSurvey 165,
,2026-04-15,,Wednesday,McMinnville,Tech Support,In person,1,,LimeSurvey 165,
,2026-04-20,,Monday,McMinnville,General Ref,In person,2,,LimeSurvey 164,
,2026-04-20,,Monday,McMinnville,General Ref,Remote,2,,LimeSurvey 164,
,2026-04-20,,Monday,McMinnville,Library Search,In person,1,,LimeSurvey 164,
,2026-04-20,,Monday,McMinnville,Tech Support,In person,2,,LimeSurvey 164,
,2026-04-23,,Thursday,McMinnville,Directional,In person,2,,LimeSurvey 164,
,2026-04-27,,Monday,McMinnville,Directional,In person,1,,LimeSurvey 163,
,2026-04-27,,Monday,McMinnville,Reference & Instruction,In person,2,,LimeSurvey 163,
,2026-04-27,,Monday,McMinnville,Tech Support,In person,1,,LimeSurvey 163,
,2026-04-28,,Tuesday,McMinnville,Directional,In person,1,,LimeSurvey 163,
,2026-04-28,,Tuesday,McMinnville,Directional,Remote,1,,LimeSurvey 163,
,2026-04-28,,Tuesday,McMinnville,Reference & Instruction,In person,2,,LimeSurvey 163,
,2026-04-28,,Tuesday,McMinnville,Tech Support,In person,2,,LimeSurvey 163,
,2026-04-30,,Thursday,McMinnville,Tech Support,Remote,1,,LimeSurvey 163,
,2026-05-04,,Monday,McMinnville,General Ref,Remote,1,,LimeSurvey 162,
,2026-05-05,,Tuesday,McMinnville,Directional,In person,1,,LimeSurvey 162,
,2026-05-05,,Tuesday,McMinnville,Reference & Instruction,In person,2,,LimeSurvey 162,
,2026-08-10,,Monday,McMinnville,Directional,In person,4,,LimeSurvey 206,
,2026-08-10,,Monday,McMinnville,Directional,Remote,1,,LimeSurvey 206,
,2026-08-10,,Monday,McMinnville,General Ref,In person,3,,LimeSurvey 206,
,2026-08-11,,Tuesday,McMinnville,Directional,In person,1,,LimeSurvey 206,
,2026-08-11,,Tuesday,McMinnville,Directional,Remote,1,,LimeSurvey 206,
,2026-08-11,,Tuesday,McMinnville,General Ref,In person,3,,LimeSurvey 206,
,2026-08-11,,Tuesday,McMinnville,General Ref,Remote,1,,LimeSurvey 206,
,2026-08-12,,Wednesday,McMinnville,Directional,In person,3,,LimeSurvey 206,
,2026-08-12,,Wednesday,McMinnville,General Ref,In person,3,,LimeSurvey 206,
,2026-08-12,,Wednesday,McMinnville,Tech Support,In person,1,,LimeSurvey 206,
,2026-08-13,,Thursday,McMinnville,Directional,In person,6,,LimeSurvey 206,
,2026-08-13,,Thursday,McMinnville,General Ref,In person,6,,LimeSurvey 206,
,2026-08-13,,Thursday,McMinnville,Tech Support,In person,1,,LimeSurvey 206,
,2026-08-14,,Friday,McMinnville,Directional,In person,3,,LimeSurvey 206,
,2026-08-14,,Friday,McMinnville,General Ref,In person,5,,LimeSurvey 206,
,2026-08-14,,Friday,McMinnville,Tech Support,In person,3,,LimeSurvey 206,
,2026-08-24,,Monday,McMinnville,D2L,In person,2,,LimeSurvey 211,
,2026-08-24,,Monday,McMinnville,D2L,Remote,2,,LimeSurvey 211,
,2026-08-24,,Monday,McMinnville,Directional,In person,3,,LimeSurvey 211,
,2026-08-24,,Monday,McMinnville,General Ref,In person,3,,LimeSurvey 211,
,2026-08-24,,Monday,McMinnville,General Ref,Remote,1,,LimeSurvey 211,
,2026-08-24,,Monday,McMinnville,Library Search,In person,4,,LimeSurvey 211,
,2026-08-24,,Monday,McMinnville,Reference & Instruction,In person,3,,LimeSurvey 211,
,2026-08-24,,Monday,McMinnville,Tech Support,In person,8,,LimeSurvey 211,
,2026-08-25,,Tuesday,McMinnville,D2L,In person,5,,LimeSurvey 211,
,2026-08-25,,Tuesday,McMinnville,General Ref,In person,1,,LimeSurvey 211,
,2026-08-25,,Tuesday,McMinnville,General Ref,Remote,3,,LimeSurvey 211,
,2026-08-25,,Tuesday,McMinnville,Library Search,In person,1,,LimeSurvey 211,
,2026-08-25,,Tuesday,McMinnville,Reference & Instruction,In person,1,,LimeSurvey 211,
,2026-08-25,,Tuesday,McMinnville,Tech Support,In person,4,,LimeSurvey 211,
,2026-08-26,,Wednesday,McMinnville,General Ref,In person,2,,LimeSurvey 211,
,2026-08-26,,Wednesday,McMinnville,Library Search,In person,1,,LimeSurvey 211,
,2026-08-26,,Wednesday,McMinnville,Reference & Instruction,In person,5,,LimeSurvey 211,
,2026-08-26,,Wednesday,McMinnville,Tech Support,In person,4,,LimeSurvey 211,
,2026-08-27,,Thursday,McMinnville,Directional,In person,1,,LimeSurvey 211,
,2026-08-27,,Thursday,McMinnville,General Ref,In person,3,,LimeSurvey 211,
,2026-08-27,,Thursday,McMinnville,Reference & Instruction,In person,5,,LimeSurvey 211,
,2026-08-27,,Thursday,McMinnville,Reference & Instruction,Remote,1,,LimeSurvey 211,
,2026-08-27,,Thursday,McMinnville,Tech Support,In person,2,,LimeSurvey 211,
,2025-09-22,,Monday,Moore County,D2L,In person,1,,LimeSurvey 84,
,2025-09-22,,Monday,Moore County,Directional,In person,5,,LimeSurvey 84,
,2025-09-22,,Monday,Moore County,General Ref,In person,3,,LimeSurvey 84,
,2025-09-22,,Monday,Moore County,Library Search,In person,1,,LimeSurvey 84,
,2025-09-22,,Monday,Moore County,Tech Support,In person,6,,LimeSurvey 84,
,2025-09-23,,Tuesday,Moore County,Directional,In person,5,,LimeSurvey 84,
,2025-09-23,,Tuesday,Moore County,Library Search,In person,1,,LimeSurvey 84,
,2025-09-23,,Tuesday,Moore County,Reference & Instruction,In person,1,,LimeSurvey 84,
,2025-09-24,,Wednesday,Moore County,Directional,In person,1,,LimeSurvey 84,
,2025-09-24,,Wednesday,Moore County,General Ref,In person,3,,LimeSurvey 84,
,2025-09-24,,Wednesday,Moore County,Tech Support,In person,3,,LimeSurvey 84,
,2025-09-25,,Thursday,Moore County,Directional,In person,3,,LimeSurvey 84,
,2025-09-25,,Thursday,Moore County,General Ref,In person,2,,LimeSurvey 84,
,2025-09-25,,Thursday,Moore County,Tech Support,In person,2,,LimeSurvey 84,
,2025-09-26,,Friday,Moore County,Directional,In person,2,,LimeSurvey 84,
,2025-09-26,,Friday,Moore County,Library Search,In person,1,,LimeSurvey 84,
,2025-09-26,,Friday,Moore County,Reference & Instruction,Remote,1,,LimeSurvey 84,
,2025-09-29,,Monday,Moore County,Directional,In person,5,,LimeSurvey 74,
,2025-09-29,,Monday,Moore County,General Ref,In person,3,,LimeSurvey 74,
,2025-09-29,,Monday,Moore County,Library Search,In person,2,,LimeSurvey 74,
,2025-09-29,,Monday,Moore County,Reference & Instruction,In person,1,,LimeSurvey 74,
,2025-09-29,,Monday,Moore County,Tech Support,In person,2,,LimeSurvey 74,
,2025-09-30,,Tuesday,Moore County,Directional,In person,3,,LimeSurvey 74,
,2025-09-30,,Tuesday,Moore County,General Ref,In person,6,,LimeSurvey 74,
,2025-09-30,,Tuesday,Moore County,Tech Support,In person,6,,LimeSurvey 74,
,2025-10-01,,Wednesday,Moore County,Directional,In person,1,,LimeSurvey 74,
,2025-10-01,,Wednesday,Moore County,General Ref,In person,1,,LimeSurvey 74,
,2025-10-01,,Wednesday,Moore County,Library Search,In person,2,,LimeSurvey 74,
,2025-10-02,,Thursday,Moore County,Directional,In person,2,,LimeSurvey 74,
,2025-10-02,,Thursday,Moore County,General Ref,In person,5,,LimeSurvey 74,
,2025-10-02,,Thursday,Moore County,Library Search,In person,3,,LimeSurvey 74,
,2025-10-02,,Thursday,Moore County,Reference & Instruction,In person,3,,LimeSurvey 74,
,2025-10-02,,Thursday,Moore County,Tech Support,In person,1,,LimeSurvey 74,
,2025-10-03,,Friday,Moore County,Directional,In person,2,,LimeSurvey 74,
,2025-10-03,,Friday,Moore County,General Ref,In person,2,,LimeSurvey 74,
,2025-10-03,,Friday,Moore County,Tech Support,In person,1,,LimeSurvey 74,
,2025-10-06,,Monday,Moore County,Directional,In person,4,,LimeSurvey 66,
,2025-10-06,,Monday,Moore County,General Ref,In person,4,,LimeSurvey 66,
,2025-10-06,,Monday,Moore County,Library Search,In person,1,,LimeSurvey 66,
,2025-10-06,,Monday,Moore County,Tech Support,In person,5,,LimeSurvey 66,
,2025-10-07,,Tuesday,Moore County,General Ref,In person,1,,LimeSurvey 66,
,2025-10-07,,Tuesday,Moore County,Library Search,In person,1,,LimeSurvey 66,
,2025-10-07,,Tuesday,Moore County,Library Search,Remote,1,,LimeSurvey 66,
,2025-10-07,,Tuesday,Moore County,Reference & Instruction,Remote,1,,LimeSurvey 66,
,2025-10-08,,Wednesday,Moore County,Directional,In person,3,,LimeSurvey 66,
,2025-10-08,,Wednesday,Moore County,General Ref,In person,2,,LimeSurvey 66,
,2025-10-08,,Wednesday,Moore County,Library Search,In person,1,,LimeSurvey 66,
,2025-10-08,,Wednesday,Moore County,Tech Support,In person,3,,LimeSurvey 66,
,2025-10-09,,Thursday,Moore County,Directional,In person,4,,LimeSurvey 66,
,2025-10-09,,Thursday,Moore County,General Ref,In person,1,,LimeSurvey 66,
,2025-10-09,,Thursday,Moore County,General Ref,Remote,1,,LimeSurvey 66,
,2025-10-09,,Thursday,Moore County,Library Search,In person,1,,LimeSurvey 66,
,2025-10-09,,Thursday,Moore County,Tech Support,In person,2,,LimeSurvey 66,
,2025-10-14,,Tuesday,Moore County,Tech Support,In person,1,,LimeSurvey 63,
,2025-10-15,,Wednesday,Moore County,Directional,In person,1,,LimeSurvey 63,
,2025-10-15,,Wednesday,Moore County,General Ref,In person,2,,LimeSurvey 63,
,2025-10-15,,Wednesday,Moore County,General Ref,Remote,1,,LimeSurvey 63,
,2025-10-15,,Wednesday,Moore County,Library Search,In person,1,,LimeSurvey 63,
,2025-10-16,,Thursday,Moore County,Directional,In person,1,,LimeSurvey 63,
,2025-10-16,,Thursday,Moore County,Directional,Remote,2,,LimeSurvey 63,
,2025-10-16,,Thursday,Moore County,Library Search,In person,1,,LimeSurvey 63,
,2025-10-19,,Sunday,Moore County,Library Search,In person,2,,LimeSurvey 46,
,2025-10-19,,Sunday,Moore County,Library Search,Remote,1,,LimeSurvey 46,
,2025-10-20,,Monday,Moore County,Directional,In person,4,,LimeSurvey 46,
,2025-10-20,,Monday,Moore County,General Ref,In person,3,,LimeSurvey 46,
,2025-10-20,,Monday,Moore County,Tech Support,In person,2,,LimeSurvey 46,
,2025-10-21,,Tuesday,Moore County,General Ref,In person,1,,LimeSurvey 46,
,2025-10-22,,Wednesday,Moore County,General Ref,In person,4,,LimeSurvey 46,
,2025-10-23,,Thursday,Moore County,Directional,In person,3,,LimeSurvey 46,
,2025-10-23,,Thursday,Moore County,General Ref,In person,1,,LimeSurvey 46,
,2025-10-23,,Thursday,Moore County,Library Search,In person,1,,LimeSurvey 46,
,2025-10-24,,Friday,Moore County,General Ref,In person,1,,LimeSurvey 46,
,2025-10-26,,Sunday,Moore County,Reference & Instruction,In person,1,,LimeSurvey 105,
,2025-10-27,,Monday,Moore County,General Ref,In person,4,,LimeSurvey 105,
,2025-10-27,,Monday,Moore County,Library Search,In person,1,,LimeSurvey 105,
,2025-10-27,,Monday,Moore County,Tech Support,In person,3,,LimeSurvey 105,
,2025-10-28,,Tuesday,Moore County,General Ref,In person,1,,LimeSurvey 105,
,2025-10-28,,Tuesday,Moore County,Reference & Instruction,In person,1,,LimeSurvey 105,
,2025-10-30,,Thursday,Moore County,Directional,In person,3,,LimeSurvey 105,
,2025-10-30,,Thursday,Moore County,Directional,Remote,1,,LimeSurvey 105,
,2025-10-30,,Thursday,Moore County,General Ref,In person,1,,LimeSurvey 105,
,2025-10-30,,Thursday,Moore County,General Ref,Remote,1,,LimeSurvey 105,
,2025-10-30,,Thursday,Moore County,Tech Support,In person,2,,LimeSurvey 105,
,2025-10-31,,Friday,Moore County,Library Search,Remote,1,,LimeSurvey 105,
,2025-11-03,,Monday,Moore County,General Ref,In person,1,,LimeSurvey 101,
,2025-11-03,,Monday,Moore County,Library Search,In person,1,,LimeSurvey 101,
,2025-11-03,,Monday,Moore County,Reference & Instruction,In person,1,,LimeSurvey 101,
,2025-11-03,,Monday,Moore County,Tech Support,In person,6,,LimeSurvey 101,
,2025-11-04,,Tuesday,Moore County,General Ref,In person,5,,LimeSurvey 101,
,2025-11-04,,Tuesday,Moore County,Reference & Instruction,Remote,1,,LimeSurvey 101,
,2025-11-04,,Tuesday,Moore County,Tech Support,Remote,2,,LimeSurvey 101,
,2025-11-05,,Wednesday,Moore County,Directional,In person,1,,LimeSurvey 101,
,2025-11-05,,Wednesday,Moore County,General Ref,In person,1,,LimeSurvey 101,
,2025-11-05,,Wednesday,Moore County,Tech Support,In person,1,,LimeSurvey 101,
,2025-11-09,,Sunday,Moore County,General Ref,In person,1,,LimeSurvey 97,
,2025-11-10,,Monday,Moore County,Directional,In person,1,,LimeSurvey 97,
,2025-11-10,,Monday,Moore County,General Ref,In person,1,,LimeSurvey 97,
,2025-11-10,,Monday,Moore County,Tech Support,In person,6,,LimeSurvey 97,
,2025-11-11,,Tuesday,Moore County,Directional,In person,2,,LimeSurvey 97,
,2025-11-11,,Tuesday,Moore County,General Ref,In person,3,,LimeSurvey 97,
,2025-11-11,,Tuesday,Moore County,General Ref,Remote,1,,LimeSurvey 97,
,2025-11-11,,Tuesday,Moore County,Tech Support,In person,2,,LimeSurvey 97,
,2025-11-12,,Wednesday,Moore County,Directional,In person,1,,LimeSurvey 97,
,2025-11-12,,Wednesday,Moore County,General Ref,In person,2,,LimeSurvey 97,
,2025-11-12,,Wednesday,Moore County,Library Search,In person,1,,LimeSurvey 97,
,2025-11-12,,Wednesday,Moore County,Tech Support,In person,1,,LimeSurvey 97,
,2025-11-13,,Thursday,Moore County,General Ref,In person,1,,LimeSurvey 97,
,2025-11-16,,Sunday,Moore County,General Ref,In person,1,,LimeSurvey 94,
,2025-11-16,,Sunday,Moore County,General Ref,Remote,1,,LimeSurvey 94,
,2025-11-16,,Sunday,Moore County,Reference & Instruction,In person,1,,LimeSurvey 94,
,2025-11-17,,Monday,Moore County,Directional,In person,2,,LimeSurvey 94,
,2025-11-17,,Monday,Moore County,General Ref,In person,1,,LimeSurvey 94,
,2025-11-18,,Tuesday,Moore County,General Ref,In person,1,,LimeSurvey 94,
,2025-11-18,,Tuesday,Moore County,Reference & Instruction,In person,1,,LimeSurvey 94,
,2025-11-19,,Wednesday,Moore County,Directional,In person,1,,LimeSurvey 94,
,2025-11-19,,Wednesday,Moore County,General Ref,In person,4,,LimeSurvey 94,
,2025-11-19,,Wednesday,Moore County,General Ref,Remote,1,,LimeSurvey 94,
,2025-11-20,,Thursday,Moore County,Directional,Remote,1,,LimeSurvey 94,
,2025-11-20,,Thursday,Moore County,General Ref,In person,1,,LimeSurvey 94,
,2025-11-20,,Thursday,Moore County,General Ref,Remote,1,,LimeSurvey 94,
,2025-11-20,,Thursday,Moore County,Library Search,In person,1,,LimeSurvey 94,
,2025-11-21,,Friday,Moore County,Directional,In person,1,,LimeSurvey 94,
,2025-11-21,,Friday,Moore County,Tech Support,In person,1,,LimeSurvey 94,
,2025-11-24,,Monday,Moore County,General Ref,In person,4,,LimeSurvey 69,
,2025-11-24,,Monday,Moore County,General Ref,Remote,1,,LimeSurvey 69,
,2025-11-24,,Monday,Moore County,Library Search,In person,2,,LimeSurvey 69,
,2025-11-24,,Monday,Moore County,Reference & Instruction,In person,2,,LimeSurvey 69,
,2025-11-24,,Monday,Moore County,Tech Support,In person,2,,LimeSurvey 69,
,2025-11-25,,Tuesday,Moore County,General Ref,In person,2,,LimeSurvey 69,
,2025-11-25,,Tuesday,Moore County,Tech Support,In person,5,,LimeSurvey 69,
,2025-11-30,,Sunday,Moore County,General Ref,In person,1,,LimeSurvey 61,
,2025-11-30,,Sunday,Moore County,Library Search,In person,1,,LimeSurvey 61,
,2025-12-01,,Monday,Moore County,General Ref,In person,3,,LimeSurvey 61,
,2025-12-03,,Wednesday,Moore County,Directional,In person,1,,LimeSurvey 61,
,2025-12-03,,Wednesday,Moore County,General Ref,In person,2,,LimeSurvey 61,
,2025-12-08,,Monday,Moore County,General Ref,In person,2,,LimeSurvey 53,
,2025-12-08,,Monday,Moore County,Tech Support,In person,3,,LimeSurvey 53,
,2025-12-11,,Thursday,Moore County,Directional,In person,2,,LimeSurvey 53,
,2025-12-12,,Friday,Moore County,Tech Support,In person,3,,LimeSurvey 53,
,2026-01-12,,Monday,Moore County,Directional,Remote,1,,LimeSurvey 86,
,2026-01-12,,Monday,Moore County,General Ref,In person,1,,LimeSurvey 86,
,2026-01-12,,Monday,Moore County,Library Search,In person,1,,LimeSurvey 86,
,2026-01-13,,Tuesday,Moore County,General Ref,In person,2,,LimeSurvey 86,
,2026-01-20,,Tuesday,Moore County,Directional,In person,6,,LimeSurvey 79,
,2026-01-20,,Tuesday,Moore County,General Ref,In person,4,,LimeSurvey 79,
,2026-01-20,,Tuesday,Moore County,General Ref,Remote,2,,LimeSurvey 79,
,2026-01-20,,Tuesday,Moore County,Library Search,In person,2,,LimeSurvey 79,
,2026-01-20,,Tuesday,Moore County,Tech Support,In person,4,,LimeSurvey 79,
,2026-01-21,,Wednesday,Moore County,D2L,In person,1,,LimeSurvey 79,
,2026-01-21,,Wednesday,Moore County,Directional,In person,4,,LimeSurvey 79,
,2026-01-21,,Wednesday,Moore County,General Ref,In person,3,,LimeSurvey 79,
,2026-01-21,,Wednesday,Moore County,Tech Support,In person,6,,LimeSurvey 79,
,2026-01-21,,Wednesday,Moore County,Tech Support,Remote,2,,LimeSurvey 79,
,2026-01-22,,Thursday,Moore County,General Ref,In person,2,,LimeSurvey 79,
,2026-01-22,,Thursday,Moore County,Tech Support,In person,1,,LimeSurvey 79,
,2026-02-02,,Monday,Moore County,Directional,In person,1,,LimeSurvey 109,
,2026-02-02,,Monday,Moore County,Directional,Remote,1,,LimeSurvey 109,
,2026-02-02,,Monday,Moore County,General Ref,In person,2,,LimeSurvey 109,
,2026-02-02,,Monday,Moore County,General Ref,Remote,1,,LimeSurvey 109,
,2026-02-02,,Monday,Moore County,Tech Support,In person,4,,LimeSurvey 109,
,2026-02-03,,Tuesday,Moore County,Directional,In person,1,,LimeSurvey 109,
,2026-02-03,,Tuesday,Moore County,General Ref,In person,3,,LimeSurvey 109,
,2026-02-03,,Tuesday,Moore County,General Ref,Remote,1,,LimeSurvey 109,
,2026-02-03,,Tuesday,Moore County,Library Search,In person,1,,LimeSurvey 109,
,2026-02-03,,Tuesday,Moore County,Reference & Instruction,In person,3,,LimeSurvey 109,
,2026-02-03,,Tuesday,Moore County,Tech Support,In person,3,,LimeSurvey 109,
,2026-02-04,,Wednesday,Moore County,General Ref,In person,1,,LimeSurvey 109,
,2026-02-08,,Sunday,Moore County,General Ref,In person,2,,LimeSurvey 116,
,2026-02-08,,Sunday,Moore County,Reference & Instruction,Remote,1,,LimeSurvey 116,
,2026-02-09,,Monday,Moore County,Directional,In person,2,,LimeSurvey 116,
,2026-02-09,,Monday,Moore County,General Ref,In person,1,,LimeSurvey 116,
,2026-02-09,,Monday,Moore County,Tech Support,In person,1,,LimeSurvey 116,
,2026-02-10,,Tuesday,Moore County,General Ref,In person,2,,LimeSurvey 116,
,2026-02-11,,Wednesday,Moore County,General Ref,In person,1,,LimeSurvey 116,
,2026-02-12,,Thursday,Moore County,General Ref,In person,1,,LimeSurvey 116,
,2026-02-12,,Thursday,Moore County,General Ref,Remote,1,,LimeSurvey 116,
,2026-02-13,,Friday,Moore County,Directional,In person,1,,LimeSurvey 116,
,2026-02-13,,Friday,Moore County,Tech Support,In person,2,,LimeSurvey 116,
,2026-02-15,,Sunday,Moore County,General Ref,In person,2,,LimeSurvey 119,
,2026-02-15,,Sunday,Moore County,Tech Support,In person,1,,LimeSurvey 119,
,2026-02-16,,Monday,Moore County,Directional,In person,3,,LimeSurvey 119,
,2026-02-16,,Monday,Moore County,General Ref,In person,2,,LimeSurvey 119,
,2026-02-16,,Monday,Moore County,Library Search,In person,1,,LimeSurvey 119,
,2026-02-17,,Tuesday,Moore County,Directional,In person,5,,LimeSurvey 119,
,2026-02-17,,Tuesday,Moore County,General Ref,In person,1,,LimeSurvey 119,
,2026-02-18,,Wednesday,Moore County,Directional,In person,3,,LimeSurvey 119,
,2026-02-18,,Wednesday,Moore County,General Ref,In person,5,,LimeSurvey 119,
,2026-02-19,,Thursday,Moore County,Directional,In person,3,,LimeSurvey 119,
,2026-02-19,,Thursday,Moore County,Library Search,In person,2,,LimeSurvey 119,
,2026-02-23,,Monday,Moore County,Directional,In person,2,,LimeSurvey 121,
,2026-02-23,,Monday,Moore County,General Ref,In person,2,,LimeSurvey 121,
,2026-02-23,,Monday,Moore County,General Ref,Remote,1,,LimeSurvey 121,
,2026-02-23,,Monday,Moore County,Reference & Instruction,In person,1,,LimeSurvey 121,
,2026-02-25,,Wednesday,Moore County,Tech Support,In person,2,,LimeSurvey 121,
,2026-02-26,,Thursday,Moore County,Tech Support,In person,2,,LimeSurvey 121,
,2026-02-27,,Friday,Moore County,Directional,In person,1,,LimeSurvey 121,
,2026-02-27,,Friday,Moore County,General Ref,In person,1,,LimeSurvey 121,
,2026-03-01,,Sunday,Moore County,General Ref,In person,1,,LimeSurvey 131,
,2026-03-02,,Monday,Moore County,General Ref,In person,2,,LimeSurvey 131,
,2026-03-03,,Tuesday,Moore County,General Ref,In person,1,,LimeSurvey 131,
,2026-03-04,,Wednesday,Moore County,General Ref,In person,1,,LimeSurvey 131,
,2026-03-06,,Friday,Moore County,Directional,In person,8,,LimeSurvey 131,
,2026-03-06,,Friday,Moore County,General Ref,In person,1,,LimeSurvey 131,
,2026-03-06,,Friday,Moore County,General Ref,Remote,1,,LimeSurvey 131,
,2026-03-06,,Friday,Moore County,Tech Support,Remote,1,,LimeSurvey 131,
,2026-03-09,,Monday,Moore County,General Ref,In person,1,,LimeSurvey 132,
,2026-03-16,,Monday,Moore County,General Ref,In person,2,,LimeSurvey 135,
,2026-03-16,,Monday,Moore County,Tech Support,In person,1,,LimeSurvey 135,
,2026-03-17,,Tuesday,Moore County,General Ref,In person,3,,LimeSurvey 135,
,2026-03-18,,Wednesday,Moore County,Tech Support,In person,1,,LimeSurvey 135,
,2026-03-19,,Thursday,Moore County,General Ref,In person,1,,LimeSurvey 135,
,2026-03-19,,Thursday,Moore County,Reference & Instruction,In person,1,,LimeSurvey 135,
,2026-03-19,,Thursday,Moore County,Tech Support,In person,1,,LimeSurvey 135,
,2026-03-29,,Sunday,Moore County,Tech Support,In person,1,,LimeSurvey 146,
,2026-03-30,,Monday,Moore County,General Ref,In person,1,,LimeSurvey 146,
,2026-04-01,,Wednesday,Moore County,General Ref,In person,2,,LimeSurvey 146,
,2026-04-06,,Monday,Moore County,General Ref,In person,4,,LimeSurvey 149,
,2026-04-06,,Monday,Moore County,Tech Support,In person,1,,LimeSurvey 149,
,2026-04-07,,Tuesday,Moore County,General Ref,In person,1,,LimeSurvey 149,
,2026-04-08,,Wednesday,Moore County,Directional,In person,1,,LimeSurvey 149,
,2026-04-08,,Wednesday,Moore County,General Ref,In person,1,,LimeSurvey 149,
,2026-04-09,,Thursday,Moore County,General Ref,In person,2,,LimeSurvey 149,
,2026-04-12,,Sunday,Moore County,General Ref,In person,1,,LimeSurvey 151,
,2026-04-13,,Monday,Moore County,Tech Support,In person,2,,LimeSurvey 151,
,2026-04-14,,Tuesday,Moore County,General Ref,In person,1,,LimeSurvey 151,
,2026-04-15,,Wednesday,Moore County,General Ref,In person,1,,LimeSurvey 151,
,2026-04-15,,Wednesday,Moore County,Library Search,In person,1,,LimeSurvey 151,
,2026-04-15,,Wednesday,Moore County,Tech Support,In person,8,,LimeSurvey 151,
,2026-04-16,,Thursday,Moore County,General Ref,In person,1,,LimeSurvey 151,
,2026-04-17,,Friday,Moore County,Tech Support,In person,2,,LimeSurvey 151,
,2026-04-19,,Sunday,Moore County,General Ref,In person,1,,LimeSurvey 155,
,2026-04-20,,Monday,Moore County,Directional,In person,2,,LimeSurvey 155,
,2026-04-20,,Monday,Moore County,Directional,Remote,1,,LimeSurvey 155,
,2026-04-20,,Monday,Moore County,General Ref,In person,8,,LimeSurvey 155,
,2026-04-20,,Monday,Moore County,Reference & Instruction,In person,1,,LimeSurvey 155,
,2026-04-21,,Tuesday,Moore County,General Ref,In person,2,,LimeSurvey 155,
,2026-04-21,,Tuesday,Moore County,Tech Support,In person,1,,LimeSurvey 155,
,2026-04-22,,Wednesday,Moore County,Directional,In person,1,,LimeSurvey 155,
,2026-04-22,,Wednesday,Moore County,General Ref,Remote,1,,LimeSurvey 155,
,2026-04-23,,Thursday,Moore County,General Ref,In person,3,,LimeSurvey 155,
,2026-04-23,,Thursday,Moore County,Reference & Instruction,In person,2,,LimeSurvey 155,
,2026-04-23,,Thursday,Moore County,Reference & Instruction,Remote,1,,LimeSurvey 155,
,2026-04-23,,Thursday,Moore County,Tech Support,In person,1,,LimeSurvey 155,
,2026-04-27,,Monday,Moore County,Directional,In person,1,,LimeSurvey 158,
,2026-04-27,,Monday,Moore County,General Ref,In person,5,,LimeSurvey 158,
,2026-04-27,,Monday,Moore County,Library Search,In person,1,,LimeSurvey 158,
,2026-04-27,,Monday,Moore County,Tech Support,In person,2,,LimeSurvey 158,
,2026-04-28,,Tuesday,Moore County,General Ref,In person,1,,LimeSurvey 158,
,2026-04-29,,Wednesday,Moore County,Directional,In person,8,,LimeSurvey 158,
,2026-04-29,,Wednesday,Moore County,General Ref,In person,2,,LimeSurvey 158,
,2026-04-29,,Wednesday,Moore County,Tech Support,In person,5,,LimeSurvey 158,
,2026-04-30,,Thursday,Moore County,Directional,In person,3,,LimeSurvey 158,
,2026-04-30,,Thursday,Moore County,General Ref,In person,1,,LimeSurvey 158,
,2026-04-30,,Thursday,Moore County,Tech Support,In person,2,,LimeSurvey 158,
,2026-05-01,,Friday,Moore County,Directional,In person,2,,LimeSurvey 158,
,2026-05-01,,Friday,Moore County,General Ref,In person,2,,LimeSurvey 158,
,2026-05-04,,Monday,Moore County,General Ref,In person,2,,LimeSurvey 161,
,2026-05-04,,Monday,Moore County,General Ref,Remote,1,,LimeSurvey 161,
,2026-05-05,,Tuesday,Moore County,General Ref,In person,2,,LimeSurvey 161,
,2026-05-06,,Wednesday,Moore County,General Ref,In person,1,,LimeSurvey 161,
,2026-05-06,,Wednesday,Moore County,Tech Support,In person,1,,LimeSurvey 161,
,2026-05-07,,Thursday,Moore County,General Ref,Remote,2,,LimeSurvey 161,
,2026-05-08,,Friday,Moore County,Directional,In person,1,,LimeSurvey 161,
,2026-05-08,,Friday,Moore County,General Ref,In person,1,,LimeSurvey 161,
,2026-05-08,,Friday,Moore County,Library Search,In person,2,,LimeSurvey 161,
,2026-05-08,,Friday,Moore County,Reference & Instruction,In person,1,,LimeSurvey 161,
,2026-05-08,,Friday,Moore County,Tech Support,In person,2,,LimeSurvey 161,
,2026-05-11,,Monday,Moore County,Reference & Instruction,Remote,1,,LimeSurvey 174,
,2026-05-12,,Tuesday,Moore County,Reference & Instruction,Remote,1,,LimeSurvey 174,
,2026-05-12,,Tuesday,Moore County,Tech Support,Remote,1,,LimeSurvey 174,
,2026-05-13,,Wednesday,Moore County,General Ref,In person,2,,LimeSurvey 174,
,2026-05-13,,Wednesday,Moore County,Library Search,In person,1,,LimeSurvey 174,
,2026-05-13,,Wednesday,Moore County,Reference & Instruction,In person,2,,LimeSurvey 174,
,2026-05-14,,Thursday,Moore County,Directional,In person,1,,LimeSurvey 174,
,2026-05-14,,Thursday,Moore County,General Ref,In person,3,,LimeSurvey 174,
,2026-05-14,,Thursday,Moore County,General Ref,Remote,1,,LimeSurvey 174,
,2026-05-14,,Thursday,Moore County,Reference & Instruction,In person,2,,LimeSurvey 174,
,2026-05-15,,Friday,Moore County,General Ref,In person,1,,LimeSurvey 174,
,2026-05-15,,Friday,Moore County,General Ref,Remote,1,,LimeSurvey 174,
,2026-05-15,,Friday,Moore County,Tech Support,In person,1,,LimeSurvey 174,
,2026-05-18,,Monday,Moore County,Directional,In person,1,,LimeSurvey 175,
,2026-05-18,,Monday,Moore County,General Ref,In person,1,,LimeSurvey 175,
,2026-05-18,,Monday,Moore County,Tech Support,In person,1,,LimeSurvey 175,
,2026-05-21,,Thursday,Moore County,General Ref,Remote,1,,LimeSurvey 175,
,2026-05-26,,Tuesday,Moore County,General Ref,Remote,1,,LimeSurvey 177,
,2026-05-26,,Tuesday,Moore County,Tech Support,In person,1,,LimeSurvey 177,
,2026-05-27,,Wednesday,Moore County,General Ref,In person,2,,LimeSurvey 177,
,2026-05-29,,Friday,Moore County,Directional,In person,2,,LimeSurvey 177,
,2026-05-29,,Friday,Moore County,Library Search,In person,1,,LimeSurvey 177,
,2026-06-02,,Tuesday,Moore County,General Ref,In person,1,,LimeSurvey 180,
,2026-06-03,,Wednesday,Moore County,General Ref,In person,1,,LimeSurvey 180,
,2026-06-03,,Wednesday,Moore County,General Ref,Remote,1,,LimeSurvey 180,
,2026-06-04,,Thursday,Moore County,Directional,In person,3,,LimeSurvey 180,
,2026-06-04,,Thursday,Moore County,General Ref,In person,2,,LimeSurvey 180,
,2026-06-05,,Friday,Moore County,General Ref,In person,2,,LimeSurvey 180,
,2026-06-08,,Monday,Moore County,Tech Support,In person,1,,LimeSurvey 182,
,2026-06-09,,Tuesday,Moore County,General Ref,In person,1,,LimeSurvey 182,
,2026-06-09,,Tuesday,Moore County,General Ref,Remote,1,,LimeSurvey 182,
,2026-06-10,,Wednesday,Moore County,General Ref,In person,3,,LimeSurvey 182,
,2026-06-10,,Wednesday,Moore County,Tech Support,In person,2,,LimeSurvey 182,
,2026-06-11,,Thursday,Moore County,Reference & Instruction,In person,1,,LimeSurvey 182,
,2026-06-12,,Friday,Moore County,Directional,In person,6,,LimeSurvey 182,
,2026-06-12,,Friday,Moore County,General Ref,In person,3,,LimeSurvey 182,
,2026-06-12,,Friday,Moore County,General Ref,Remote,1,,LimeSurvey 182,
,2026-06-15,,Monday,Moore County,Directional,In person,1,,LimeSurvey 184,
,2026-06-15,,Monday,Moore County,General Ref,In person,3,,LimeSurvey 184,
,2026-06-15,,Monday,Moore County,Reference & Instruction,In person,1,,LimeSurvey 184,
,2026-06-15,,Monday,Moore County,Tech Support,In person,1,,LimeSurvey 184,
,2026-06-16,,Tuesday,Moore County,Directional,In person,2,,LimeSurvey 184,
,2026-06-16,,Tuesday,Moore County,General Ref,In person,2,,LimeSurvey 184,
,2026-06-16,,Tuesday,Moore County,Library Search,In person,2,,LimeSurvey 184,
,2026-06-17,,Wednesday,Moore County,Directional,In person,2,,LimeSurvey 184,
,2026-06-17,,Wednesday,Moore County,General Ref,In person,4,,LimeSurvey 184,
,2026-06-17,,Wednesday,Moore County,Reference & Instruction,In person,1,,LimeSurvey 184,
,2026-06-17,,Wednesday,Moore County,Reference & Instruction,Remote,1,,LimeSurvey 184,
,2026-06-17,,Wednesday,Moore County,Tech Support,In person,1,,LimeSurvey 184,
,2026-06-18,,Thursday,Moore County,Directional,In person,4,,LimeSurvey 184,
,2026-06-18,,Thursday,Moore County,General Ref,In person,2,,LimeSurvey 184,
,2026-06-22,,Monday,Moore County,Directional,In person,1,,LimeSurvey 186,
,2026-06-22,,Monday,Moore County,General Ref,In person,1,,LimeSurvey 186,
,2026-06-23,,Tuesday,Moore County,Directional,In person,2,,LimeSurvey 186,
,2026-06-24,,Wednesday,Moore County,Directional,In person,7,,LimeSurvey 186,
,2026-06-24,,Wednesday,Moore County,General Ref,In person,1,,LimeSurvey 186,
,2026-06-24,,Wednesday,Moore County,Library Search,In person,1,,LimeSurvey 186,
,2026-06-24,,Wednesday,Moore County,Reference & Instruction,In person,1,,LimeSurvey 186,
,2026-06-24,,Wednesday,Moore County,Tech Support,In person,1,,LimeSurvey 186,
,2026-06-25,,Thursday,Moore County,Directional,In person,5,,LimeSurvey 186,
,2026-06-25,,Thursday,Moore County,General Ref,In person,1,,LimeSurvey 186,
,2026-06-25,,Thursday,Moore County,Tech Support,In person,1,,LimeSurvey 186,
,2026-06-29,,Monday,Moore County,Directional,In person,1,,LimeSurvey 193,
,2026-06-29,,Monday,Moore County,General Ref,In person,2,,LimeSurvey 193,
,2026-07-06,,Monday,Moore County,Directional,In person,2,,LimeSurvey 194,
,2026-07-06,,Monday,Moore County,General Ref,In person,2,,LimeSurvey 194,
,2026-07-07,,Tuesday,Moore County,General Ref,In person,2,,LimeSurvey 194,
,2026-07-07,,Tuesday,Moore County,Reference & Instruction,In person,1,,LimeSurvey 194,
,2026-07-07,,Tuesday,Moore County,Tech Support,In person,1,,LimeSurvey 194,
,2026-07-08,,Wednesday,Moore County,General Ref,In person,2,,LimeSurvey 194,
,2026-07-08,,Wednesday,Moore County,Tech Support,In person,3,,LimeSurvey 194,
,2026-07-14,,Tuesday,Moore County,Directional,In person,6,,LimeSurvey 197,
,2026-07-14,,Tuesday,Moore County,General Ref,In person,2,,LimeSurvey 197,
,2026-07-14,,Tuesday,Moore County,General Ref,Remote,2,,LimeSurvey 197,
,2026-07-15,,Wednesday,Moore County,Directional,In person,4,,LimeSurvey 197,
,2026-07-15,,Wednesday,Moore County,General Ref,In person,3,,LimeSurvey 197,
,2026-07-15,,Wednesday,Moore County,Library Search,In person,1,,LimeSurvey 197,
,2026-07-15,,Wednesday,Moore County,Tech Support,In person,1,,LimeSurvey 197,
,2026-07-16,,Thursday,Moore County,Directional,In person,6,,LimeSurvey 197,
,2026-07-16,,Thursday,Moore County,General Ref,In person,2,,LimeSurvey 197,
,2026-07-16,,Thursday,Moore County,Tech Support,In person,1,,LimeSurvey 197,
,2026-07-17,,Friday,Moore County,Directional,In person,2,,LimeSurvey 197,
,2026-07-17,,Friday,Moore County,General Ref,In person,2,,LimeSurvey 197,
,2026-07-19,,Sunday,Moore County,General Ref,In person,3,,LimeSurvey 200,
,2026-07-19,,Sunday,Moore County,General Ref,Remote,1,,LimeSurvey 200,
,2026-07-20,,Monday,Moore County,Directional,In person,1,,LimeSurvey 200,
,2026-07-20,,Monday,Moore County,General Ref,In person,3,,LimeSurvey 200,
,2026-07-21,,Tuesday,Moore County,Directional,In person,1,,LimeSurvey 200,
,2026-07-21,,Tuesday,Moore County,General Ref,In person,1,,LimeSurvey 200,
,2026-07-21,,Tuesday,Moore County,General Ref,Remote,2,,LimeSurvey 200,
,2026-07-21,,Tuesday,Moore County,Library Search,In person,2,,LimeSurvey 200,
,2026-07-22,,Wednesday,Moore County,Directional,In person,3,,LimeSurvey 200,
,2026-07-22,,Wednesday,Moore County,General Ref,In person,5,,LimeSurvey 200,
,2026-07-22,,Wednesday,Moore County,General Ref,Remote,1,,LimeSurvey 200,
,2026-07-23,,Thursday,Moore County,Directional,In person,4,,LimeSurvey 200,
,2026-07-23,,Thursday,Moore County,General Ref,In person,2,,LimeSurvey 200,
,2026-07-24,,Friday,Moore County,General Ref,In person,3,,LimeSurvey 200,
,2026-07-24,,Friday,Moore County,General Ref,Remote,1,,LimeSurvey 200,
,2026-07-24,,Friday,Moore County,Tech Support,In person,1,,LimeSurvey 200,
,2026-07-27,,Monday,Moore County,Directional,In person,1,,LimeSurvey 201,
,2026-07-27,,Monday,Moore County,General Ref,In person,3,,LimeSurvey 201,
,2026-07-28,,Tuesday,Moore County,Directional,In person,3,,LimeSurvey 201,
,2026-07-28,,Tuesday,Moore County,General Ref,In person,2,,LimeSurvey 201,
,2026-07-28,,Tuesday,Moore County,General Ref,Remote,1,,LimeSurvey 201,
,2026-07-29,,Wednesday,Moore County,Directional,In person,1,,LimeSurvey 201,
,2026-07-29,,Wednesday,Moore County,General Ref,In person,3,,LimeSurvey 201,
,2026-07-30,,Thursday,Moore County,Directional,In person,2,,LimeSurvey 201,
,2026-07-30,,Thursday,Moore County,General Ref,In person,2,,LimeSurvey 201,
,2026-07-30,,Thursday,Moore County,General Ref,Remote,1,,LimeSurvey 201,
,2026-08-03,,Monday,Moore County,Directional,In person,4,,LimeSurvey 203,
,2026-08-03,,Monday,Moore County,General Ref,In person,2,,LimeSurvey 203,
,2026-08-04,,Tuesday,Moore County,General Ref,Remote,1,,LimeSurvey 203,
,2026-08-05,,Wednesday,Moore County,Directional,In person,3,,LimeSurvey 203,
,2026-08-05,,Wednesday,Moore County,Reference & Instruction,In person,1,,LimeSurvey 203,
,2026-08-06,,Thursday,Moore County,Directional,In person,3,,LimeSurvey 203,
,2026-08-06,,Thursday,Moore County,General Ref,In person,1,,LimeSurvey 203,
,2026-08-06,,Thursday,Moore County,General Ref,Remote,1,,LimeSurvey 203,
,2026-08-07,,Friday,Moore County,Directional,In person,2,,LimeSurvey 203,
,2026-08-07,,Friday,Moore County,General Ref,In person,3,,LimeSurvey 203,
,2026-08-17,,Monday,Moore County,Directional,In person,2,,LimeSurvey 208,
,2026-08-17,,Monday,Moore County,General Ref,In person,2,,LimeSurvey 208,
,2026-08-17,,Monday,Moore County,General Ref,Remote,1,,LimeSurvey 208,
,2026-08-18,,Tuesday,Moore County,Directional,In person,3,,LimeSurvey 208,
,2026-08-18,,Tuesday,Moore County,General Ref,In person,2,,LimeSurvey 208,
,2026-08-18,,Tuesday,Moore County,General Ref,Remote,1,,LimeSurvey 208,
,2026-08-19,,Wednesday,Moore County,Directional,In person,1,,LimeSurvey 208,
,2026-08-19,,Wednesday,Moore County,General Ref,In person,1,,LimeSurvey 208,
,2026-08-20,,Thursday,Moore County,Directional,In person,3,,LimeSurvey 208,
,2026-08-20,,Thursday,Moore County,General Ref,In person,2,,LimeSurvey 208,
,2026-08-20,,Thursday,Moore County,Reference & Instruction,In person,1,,LimeSurvey 208,
,2026-08-21,,Friday,Moore County,Directional,In person,15,,LimeSurvey 208,
,2026-08-21,,Friday,Moore County,General Ref,In person,4,,LimeSurvey 208,
,2026-08-21,,Friday,Moore County,Tech Support,In person,1,,LimeSurvey 208,
,2025-09-22,,Monday,Smyrna,D2L,In person,3,,LimeSurvey 83,
,2025-09-22,,Monday,Smyrna,Directional,In person,4,,LimeSurvey 83,
,2025-09-22,,Monday,Smyrna,Directional,Remote,1,,LimeSurvey 83,
,2025-09-22,,Monday,Smyrna,General Ref,In person,14,,LimeSurvey 83,
,2025-09-22,,Monday,Smyrna,General Ref,Remote,1,,LimeSurvey 83,
,2025-09-22,,Monday,Smyrna,Library Search,In person,1,,LimeSurvey 83,
,2025-09-22,,Monday,Smyrna,Tech Support,In person,15,,LimeSurvey 83,
,2025-09-23,,Tuesday,Smyrna,Directional,In person,3,,LimeSurvey 83,
,2025-09-23,,Tuesday,Smyrna,General Ref,In person,3,,LimeSurvey 83,
,2025-09-23,,Tuesday,Smyrna,Library Search,In person,1,,LimeSurvey 83,
,2025-09-23,,Tuesday,Smyrna,Tech Support,In person,1,,LimeSurvey 83,
,2025-09-24,,Wednesday,Smyrna,Directional,In person,5,,LimeSurvey 83,
,2025-09-24,,Wednesday,Smyrna,General Ref,In person,10,,LimeSurvey 83,
,2025-09-24,,Wednesday,Smyrna,General Ref,Remote,1,,LimeSurvey 83,
,2025-09-24,,Wednesday,Smyrna,Library Search,In person,6,,LimeSurvey 83,
,2025-09-24,,Wednesday,Smyrna,Library Search,Remote,1,,LimeSurvey 83,
,2025-09-24,,Wednesday,Smyrna,Tech Support,In person,2,,LimeSurvey 83,
,2025-09-25,,Thursday,Smyrna,Directional,In person,3,,LimeSurvey 83,
,2025-09-25,,Thursday,Smyrna,General Ref,In person,2,,LimeSurvey 83,
,2025-09-25,,Thursday,Smyrna,General Ref,Remote,1,,LimeSurvey 83,
,2025-09-25,,Thursday,Smyrna,Library Search,In person,1,,LimeSurvey 83,
,2025-09-25,,Thursday,Smyrna,Tech Support,In person,1,,LimeSurvey 83,
,2025-09-26,,Friday,Smyrna,Directional,In person,5,,LimeSurvey 83,
,2025-09-26,,Friday,Smyrna,General Ref,In person,4,,LimeSurvey 83,
,2025-09-26,,Friday,Smyrna,General Ref,Remote,2,,LimeSurvey 83,
,2025-09-26,,Friday,Smyrna,Tech Support,In person,2,,LimeSurvey 83,
,2025-09-27,,Saturday,Smyrna,General Ref,In person,1,,LimeSurvey 83,
,2025-09-29,,Monday,Smyrna,Directional,In person,4,,LimeSurvey 75,
,2025-09-29,,Monday,Smyrna,General Ref,In person,5,,LimeSurvey 75,
,2025-09-29,,Monday,Smyrna,General Ref,Remote,1,,LimeSurvey 75,
,2025-09-29,,Monday,Smyrna,Library Search,In person,2,,LimeSurvey 75,
,2025-09-29,,Monday,Smyrna,Tech Support,In person,2,,LimeSurvey 75,
,2025-09-30,,Tuesday,Smyrna,Directional,In person,8,,LimeSurvey 75,
,2025-09-30,,Tuesday,Smyrna,General Ref,In person,6,,LimeSurvey 75,
,2025-09-30,,Tuesday,Smyrna,Tech Support,In person,7,,LimeSurvey 75,
,2025-10-01,,Wednesday,Smyrna,Directional,In person,3,,LimeSurvey 75,
,2025-10-01,,Wednesday,Smyrna,General Ref,In person,2,,LimeSurvey 75,
,2025-10-01,,Wednesday,Smyrna,Tech Support,In person,2,,LimeSurvey 75,
,2025-10-02,,Thursday,Smyrna,Directional,In person,4,,LimeSurvey 75,
,2025-10-02,,Thursday,Smyrna,General Ref,In person,7,,LimeSurvey 75,
,2025-10-02,,Thursday,Smyrna,General Ref,Remote,2,,LimeSurvey 75,
,2025-10-02,,Thursday,Smyrna,Library Search,In person,2,,LimeSurvey 75,
,2025-10-02,,Thursday,Smyrna,Tech Support,In person,2,,LimeSurvey 75,
,2025-10-03,,Friday,Smyrna,Directional,In person,1,,LimeSurvey 75,
,2025-10-03,,Friday,Smyrna,General Ref,Remote,2,,LimeSurvey 75,
,2025-10-04,,Saturday,Smyrna,D2L,In person,1,,LimeSurvey 75,
,2025-10-04,,Saturday,Smyrna,Directional,In person,3,,LimeSurvey 75,
,2025-10-04,,Saturday,Smyrna,General Ref,In person,2,,LimeSurvey 75,
,2025-10-04,,Saturday,Smyrna,Tech Support,In person,2,,LimeSurvey 75,
,2025-10-06,,Monday,Smyrna,Directional,In person,5,,LimeSurvey 68,
,2025-10-06,,Monday,Smyrna,General Ref,In person,3,,LimeSurvey 68,
,2025-10-06,,Monday,Smyrna,Tech Support,In person,2,,LimeSurvey 68,
,2025-10-07,,Tuesday,Smyrna,Directional,In person,6,,LimeSurvey 68,
,2025-10-07,,Tuesday,Smyrna,General Ref,In person,5,,LimeSurvey 68,
,2025-10-07,,Tuesday,Smyrna,General Ref,Remote,1,,LimeSurvey 68,
,2025-10-07,,Tuesday,Smyrna,Library Search,In person,1,,LimeSurvey 68,
,2025-10-07,,Tuesday,Smyrna,Tech Support,In person,2,,LimeSurvey 68,
,2025-10-08,,Wednesday,Smyrna,Directional,In person,3,,LimeSurvey 68,
,2025-10-08,,Wednesday,Smyrna,General Ref,In person,1,,LimeSurvey 68,
,2025-10-08,,Wednesday,Smyrna,General Ref,Remote,1,,LimeSurvey 68,
,2025-10-08,,Wednesday,Smyrna,Library Search,In person,2,,LimeSurvey 68,
,2025-10-08,,Wednesday,Smyrna,Tech Support,In person,3,,LimeSurvey 68,
,2025-10-09,,Thursday,Smyrna,Directional,In person,4,,LimeSurvey 68,
,2025-10-09,,Thursday,Smyrna,General Ref,In person,1,,LimeSurvey 68,
,2025-10-09,,Thursday,Smyrna,Library Search,In person,3,,LimeSurvey 68,
,2025-10-09,,Thursday,Smyrna,Tech Support,In person,4,,LimeSurvey 68,
,2025-10-10,,Friday,Smyrna,Directional,In person,1,,LimeSurvey 68,
,2025-10-10,,Friday,Smyrna,General Ref,In person,2,,LimeSurvey 68,
,2025-10-10,,Friday,Smyrna,General Ref,Remote,3,,LimeSurvey 68,
,2025-10-13,,Monday,Smyrna,General Ref,In person,1,,LimeSurvey 62,
,2025-10-14,,Tuesday,Smyrna,Directional,In person,2,,LimeSurvey 62,
,2025-10-14,,Tuesday,Smyrna,General Ref,Remote,1,,LimeSurvey 62,
,2025-10-15,,Wednesday,Smyrna,Directional,In person,1,,LimeSurvey 62,
,2025-10-15,,Wednesday,Smyrna,General Ref,In person,11,,LimeSurvey 62,
,2025-10-15,,Wednesday,Smyrna,General Ref,Remote,1,,LimeSurvey 62,
,2025-10-15,,Wednesday,Smyrna,Tech Support,In person,7,,LimeSurvey 62,
,2025-10-16,,Thursday,Smyrna,General Ref,In person,2,,LimeSurvey 62,
,2025-10-16,,Thursday,Smyrna,General Ref,Remote,2,,LimeSurvey 62,
,2025-10-16,,Thursday,Smyrna,Library Search,In person,1,,LimeSurvey 62,
,2025-10-16,,Thursday,Smyrna,Tech Support,In person,2,,LimeSurvey 62,
,2025-10-17,,Friday,Smyrna,Directional,In person,3,,LimeSurvey 62,
,2025-10-17,,Friday,Smyrna,General Ref,In person,2,,LimeSurvey 62,
,2025-10-17,,Friday,Smyrna,Tech Support,In person,1,,LimeSurvey 62,
,2025-10-17,,Friday,Smyrna,Tech Support,Remote,1,,LimeSurvey 62,
,2025-10-20,,Monday,Smyrna,D2L,In person,1,,LimeSurvey 54,
,2025-10-20,,Monday,Smyrna,Directional,In person,3,,LimeSurvey 54,
,2025-10-20,,Monday,Smyrna,Directional,Remote,1,,LimeSurvey 54,
,2025-10-20,,Monday,Smyrna,General Ref,In person,5,,LimeSurvey 54,
,2025-10-20,,Monday,Smyrna,General Ref,Remote,1,,LimeSurvey 54,
,2025-10-20,,Monday,Smyrna,Library Search,In person,1,,LimeSurvey 54,
,2025-10-20,,Monday,Smyrna,Tech Support,In person,3,,LimeSurvey 54,
,2025-10-20,,Monday,Smyrna,Tech Support,Remote,1,,LimeSurvey 54,
,2025-10-21,,Tuesday,Smyrna,Directional,In person,6,,LimeSurvey 54,
,2025-10-21,,Tuesday,Smyrna,Directional,Remote,1,,LimeSurvey 54,
,2025-10-21,,Tuesday,Smyrna,General Ref,In person,5,,LimeSurvey 54,
,2025-10-21,,Tuesday,Smyrna,General Ref,Remote,1,,LimeSurvey 54,
,2025-10-21,,Tuesday,Smyrna,Library Search,In person,5,,LimeSurvey 54,
,2025-10-21,,Tuesday,Smyrna,Reference & Instruction,In person,1,,LimeSurvey 54,
,2025-10-21,,Tuesday,Smyrna,Tech Support,In person,4,,LimeSurvey 54,
,2025-10-22,,Wednesday,Smyrna,Directional,In person,4,,LimeSurvey 54,
,2025-10-22,,Wednesday,Smyrna,General Ref,In person,2,,LimeSurvey 54,
,2025-10-22,,Wednesday,Smyrna,Library Search,In person,2,,LimeSurvey 54,
,2025-10-23,,Thursday,Smyrna,General Ref,In person,3,,LimeSurvey 54,
,2025-10-23,,Thursday,Smyrna,Library Search,In person,2,,LimeSurvey 54,
,2025-10-23,,Thursday,Smyrna,Tech Support,In person,1,,LimeSurvey 54,
,2025-10-24,,Friday,Smyrna,Directional,In person,2,,LimeSurvey 54,
,2025-10-24,,Friday,Smyrna,General Ref,Remote,1,,LimeSurvey 54,
,2025-10-27,,Monday,Smyrna,Directional,In person,1,,LimeSurvey 108,
,2025-10-27,,Monday,Smyrna,General Ref,In person,7,,LimeSurvey 108,
,2025-10-27,,Monday,Smyrna,General Ref,Remote,1,,LimeSurvey 108,
,2025-10-27,,Monday,Smyrna,Library Search,In person,2,,LimeSurvey 108,
,2025-10-28,,Tuesday,Smyrna,Directional,In person,2,,LimeSurvey 108,
,2025-10-28,,Tuesday,Smyrna,General Ref,In person,6,,LimeSurvey 108,
,2025-10-28,,Tuesday,Smyrna,General Ref,Remote,2,,LimeSurvey 108,
,2025-10-28,,Tuesday,Smyrna,Tech Support,In person,1,,LimeSurvey 108,
,2025-10-29,,Wednesday,Smyrna,Directional,In person,3,,LimeSurvey 108,
,2025-10-29,,Wednesday,Smyrna,General Ref,In person,3,,LimeSurvey 108,
,2025-10-29,,Wednesday,Smyrna,Library Search,In person,1,,LimeSurvey 108,
,2025-10-30,,Thursday,Smyrna,Directional,In person,1,,LimeSurvey 108,
,2025-10-30,,Thursday,Smyrna,General Ref,In person,6,,LimeSurvey 108,
,2025-10-30,,Thursday,Smyrna,Library Search,In person,2,,LimeSurvey 108,
,2025-10-30,,Thursday,Smyrna,Tech Support,In person,3,,LimeSurvey 108,
,2025-10-31,,Friday,Smyrna,Directional,In person,4,,LimeSurvey 108,
,2025-10-31,,Friday,Smyrna,General Ref,In person,5,,LimeSurvey 108,
,2025-10-31,,Friday,Smyrna,General Ref,Remote,1,,LimeSurvey 108,
,2025-10-31,,Friday,Smyrna,Library Search,In person,1,,LimeSurvey 108,
,2025-11-03,,Monday,Smyrna,General Ref,In person,2,,LimeSurvey 104,
,2025-11-03,,Monday,Smyrna,Library Search,In person,5,,LimeSurvey 104,
,2025-11-03,,Monday,Smyrna,Tech Support,In person,3,,LimeSurvey 104,
,2025-11-04,,Tuesday,Smyrna,Directional,In person,2,,LimeSurvey 104,
,2025-11-04,,Tuesday,Smyrna,General Ref,In person,5,,LimeSurvey 104,
,2025-11-04,,Tuesday,Smyrna,General Ref,Remote,1,,LimeSurvey 104,
,2025-11-04,,Tuesday,Smyrna,Tech Support,In person,2,,LimeSurvey 104,
,2025-11-05,,Wednesday,Smyrna,General Ref,In person,4,,LimeSurvey 104,
,2025-11-05,,Wednesday,Smyrna,Tech Support,In person,2,,LimeSurvey 104,
,2025-11-06,,Thursday,Smyrna,Directional,In person,2,,LimeSurvey 104,
,2025-11-06,,Thursday,Smyrna,General Ref,In person,5,,LimeSurvey 104,
,2025-11-06,,Thursday,Smyrna,Library Search,In person,2,,LimeSurvey 104,
,2025-11-06,,Thursday,Smyrna,Tech Support,In person,4,,LimeSurvey 104,
,2025-11-07,,Friday,Smyrna,General Ref,In person,1,,LimeSurvey 104,
,2025-11-10,,Monday,Smyrna,Directional,In person,2,,LimeSurvey 100,
,2025-11-10,,Monday,Smyrna,General Ref,In person,3,,LimeSurvey 100,
,2025-11-10,,Monday,Smyrna,General Ref,Remote,1,,LimeSurvey 100,
,2025-11-10,,Monday,Smyrna,Library Search,In person,3,,LimeSurvey 100,
,2025-11-10,,Monday,Smyrna,Tech Support,In person,1,,LimeSurvey 100,
,2025-11-10,,Monday,Smyrna,Tech Support,Remote,1,,LimeSurvey 100,
,2025-11-11,,Tuesday,Smyrna,Directional,In person,1,,LimeSurvey 100,
,2025-11-11,,Tuesday,Smyrna,Directional,Remote,1,,LimeSurvey 100,
,2025-11-11,,Tuesday,Smyrna,General Ref,In person,4,,LimeSurvey 100,
,2025-11-11,,Tuesday,Smyrna,General Ref,Remote,1,,LimeSurvey 100,
,2025-11-11,,Tuesday,Smyrna,Library Search,In person,1,,LimeSurvey 100,
,2025-11-11,,Tuesday,Smyrna,Tech Support,In person,2,,LimeSurvey 100,
,2025-11-12,,Wednesday,Smyrna,Directional,In person,6,,LimeSurvey 100,
,2025-11-12,,Wednesday,Smyrna,General Ref,In person,5,,LimeSurvey 100,
,2025-11-12,,Wednesday,Smyrna,General Ref,Remote,1,,LimeSurvey 100,
,2025-11-12,,Wednesday,Smyrna,Tech Support,Remote,1,,LimeSurvey 100,
,2025-11-13,,Thursday,Smyrna,Directional,In person,2,,LimeSurvey 100,
,2025-11-13,,Thursday,Smyrna,General Ref,In person,6,,LimeSurvey 100,
,2025-11-13,,Thursday,Smyrna,Tech Support,In person,2,,LimeSurvey 100,
,2025-11-14,,Friday,Smyrna,Directional,In person,1,,LimeSurvey 100,
,2025-11-14,,Friday,Smyrna,General Ref,In person,2,,LimeSurvey 100,
,2025-11-15,,Saturday,Smyrna,General Ref,In person,1,,LimeSurvey 100,
,2025-11-15,,Saturday,Smyrna,Tech Support,In person,1,,LimeSurvey 100,
,2025-11-17,,Monday,Smyrna,Directional,In person,5,,LimeSurvey 96,
,2025-11-17,,Monday,Smyrna,General Ref,In person,6,,LimeSurvey 96,
,2025-11-17,,Monday,Smyrna,Library Search,In person,6,,LimeSurvey 96,
,2025-11-18,,Tuesday,Smyrna,Directional,In person,4,,LimeSurvey 96,
,2025-11-18,,Tuesday,Smyrna,General Ref,In person,2,,LimeSurvey 96,
,2025-11-18,,Tuesday,Smyrna,Library Search,In person,1,,LimeSurvey 96,
,2025-11-19,,Wednesday,Smyrna,Directional,In person,2,,LimeSurvey 96,
,2025-11-19,,Wednesday,Smyrna,General Ref,In person,9,,LimeSurvey 96,
,2025-11-19,,Wednesday,Smyrna,Tech Support,In person,1,,LimeSurvey 96,
,2025-11-20,,Thursday,Smyrna,Directional,In person,2,,LimeSurvey 96,
,2025-11-20,,Thursday,Smyrna,General Ref,In person,3,,LimeSurvey 96,
,2025-11-20,,Thursday,Smyrna,General Ref,Remote,1,,LimeSurvey 96,
,2025-11-20,,Thursday,Smyrna,Library Search,In person,1,,LimeSurvey 96,
,2025-11-20,,Thursday,Smyrna,Tech Support,In person,3,,LimeSurvey 96,
,2025-11-21,,Friday,Smyrna,Tech Support,In person,1,,LimeSurvey 96,
,2025-11-22,,Saturday,Smyrna,General Ref,In person,1,,LimeSurvey 96,
,2025-11-24,,Monday,Smyrna,D2L,In person,1,,LimeSurvey 70,
,2025-11-24,,Monday,Smyrna,Directional,In person,2,,LimeSurvey 70,
,2025-11-24,,Monday,Smyrna,General Ref,In person,6,,LimeSurvey 70,
,2025-11-24,,Monday,Smyrna,Tech Support,In person,3,,LimeSurvey 70,
,2025-11-25,,Tuesday,Smyrna,Directional,In person,5,,LimeSurvey 70,
,2025-11-25,,Tuesday,Smyrna,General Ref,In person,4,,LimeSurvey 70,
,2025-11-25,,Tuesday,Smyrna,Tech Support,In person,2,,LimeSurvey 70,
,2025-11-26,,Wednesday,Smyrna,Directional,In person,1,,LimeSurvey 70,
,2025-11-26,,Wednesday,Smyrna,General Ref,In person,1,,LimeSurvey 70,
,2025-12-01,,Monday,Smyrna,Directional,In person,2,,LimeSurvey 65,
,2025-12-01,,Monday,Smyrna,General Ref,In person,5,,LimeSurvey 65,
,2025-12-01,,Monday,Smyrna,Tech Support,In person,4,,LimeSurvey 65,
,2025-12-02,,Tuesday,Smyrna,Directional,In person,4,,LimeSurvey 65,
,2025-12-02,,Tuesday,Smyrna,General Ref,In person,5,,LimeSurvey 65,
,2025-12-02,,Tuesday,Smyrna,Tech Support,In person,2,,LimeSurvey 65,
,2025-12-03,,Wednesday,Smyrna,Directional,In person,3,,LimeSurvey 65,
,2025-12-03,,Wednesday,Smyrna,General Ref,In person,3,,LimeSurvey 65,
,2025-12-03,,Wednesday,Smyrna,Tech Support,In person,1,,LimeSurvey 65,
,2025-12-04,,Thursday,Smyrna,Directional,In person,5,,LimeSurvey 65,
,2025-12-04,,Thursday,Smyrna,General Ref,In person,6,,LimeSurvey 65,
,2025-12-04,,Thursday,Smyrna,General Ref,Remote,1,,LimeSurvey 65,
,2025-12-04,,Thursday,Smyrna,Tech Support,In person,5,,LimeSurvey 65,
,2025-12-05,,Friday,Smyrna,General Ref,In person,5,,LimeSurvey 65,
,2025-12-05,,Friday,Smyrna,General Ref,Remote,2,,LimeSurvey 65,
,2025-12-05,,Friday,Smyrna,Library Search,In person,2,,LimeSurvey 65,
,2025-12-05,,Friday,Smyrna,Tech Support,In person,1,,LimeSurvey 65,
,2025-12-08,,Monday,Smyrna,Directional,In person,1,,LimeSurvey 58,
,2025-12-08,,Monday,Smyrna,Directional,Remote,2,,LimeSurvey 58,
,2025-12-08,,Monday,Smyrna,General Ref,In person,3,,LimeSurvey 58,
,2025-12-08,,Monday,Smyrna,General Ref,Remote,3,,LimeSurvey 58,
,2025-12-08,,Monday,Smyrna,Tech Support,In person,3,,LimeSurvey 58,
,2025-12-09,,Tuesday,Smyrna,Directional,In person,7,,LimeSurvey 58,
,2025-12-09,,Tuesday,Smyrna,General Ref,In person,4,,LimeSurvey 58,
,2025-12-09,,Tuesday,Smyrna,General Ref,Remote,1,,LimeSurvey 58,
,2025-12-09,,Tuesday,Smyrna,Tech Support,In person,1,,LimeSurvey 58,
,2025-12-10,,Wednesday,Smyrna,Directional,In person,3,,LimeSurvey 58,
,2025-12-10,,Wednesday,Smyrna,General Ref,In person,5,,LimeSurvey 58,
,2025-12-11,,Thursday,Smyrna,Directional,In person,7,,LimeSurvey 58,
,2025-12-11,,Thursday,Smyrna,General Ref,In person,6,,LimeSurvey 58,
,2025-12-11,,Thursday,Smyrna,Tech Support,In person,9,,LimeSurvey 58,
,2025-12-16,,Tuesday,Smyrna,General Ref,In person,1,,LimeSurvey 49,
,2025-12-17,,Wednesday,Smyrna,Directional,In person,3,,LimeSurvey 49,
,2025-12-17,,Wednesday,Smyrna,Library Search,Remote,2,,LimeSurvey 49,
,2025-12-19,,Friday,Smyrna,Directional,In person,2,,LimeSurvey 49,
,2026-01-05,,Monday,Smyrna,Directional,In person,4,,LimeSurvey 89,
,2026-01-05,,Monday,Smyrna,Library Search,In person,2,,LimeSurvey 89,
,2026-01-06,,Tuesday,Smyrna,Directional,In person,1,,LimeSurvey 89,
,2026-01-06,,Tuesday,Smyrna,Tech Support,In person,2,,LimeSurvey 89,
,2026-01-07,,Wednesday,Smyrna,Directional,In person,1,,LimeSurvey 89,
,2026-01-07,,Wednesday,Smyrna,Tech Support,In person,2,,LimeSurvey 89,
,2026-01-09,,Friday,Smyrna,Directional,In person,2,,LimeSurvey 89,
,2026-01-09,,Friday,Smyrna,General Ref,In person,2,,LimeSurvey 89,
,2026-01-09,,Friday,Smyrna,Tech Support,In person,1,,LimeSurvey 89,
,2026-01-12,,Monday,Smyrna,Directional,In person,1,,LimeSurvey 88,
,2026-01-12,,Monday,Smyrna,General Ref,Remote,3,,LimeSurvey 88,
,2026-01-13,,Tuesday,Smyrna,General Ref,Remote,1,,LimeSurvey 88,
,2026-01-14,,Wednesday,Smyrna,General Ref,In person,4,,LimeSurvey 88,
,2026-01-14,,Wednesday,Smyrna,General Ref,Remote,1,,LimeSurvey 88,
,2026-01-14,,Wednesday,Smyrna,Tech Support,In person,1,,LimeSurvey 88,
,2026-01-15,,Thursday,Smyrna,General Ref,In person,2,,LimeSurvey 88,
,2026-01-15,,Thursday,Smyrna,Tech Support,In person,2,,LimeSurvey 88,
,2026-01-16,,Friday,Smyrna,Directional,In person,6,,LimeSurvey 88,
,2026-01-16,,Friday,Smyrna,Directional,Remote,1,,LimeSurvey 88,
,2026-01-16,,Friday,Smyrna,General Ref,In person,2,,LimeSurvey 88,
,2026-02-02,,Monday,Smyrna,Directional,In person,8,,LimeSurvey 111,
,2026-02-02,,Monday,Smyrna,General Ref,In person,6,,LimeSurvey 111,
,2026-02-02,,Monday,Smyrna,Tech Support,In person,6,,LimeSurvey 111,
,2026-02-03,,Tuesday,Smyrna,Directional,In person,9,,LimeSurvey 111,
,2026-02-03,,Tuesday,Smyrna,General Ref,In person,4,,LimeSurvey 111,
,2026-02-03,,Tuesday,Smyrna,Library Search,In person,3,,LimeSurvey 111,
,2026-02-03,,Tuesday,Smyrna,Tech Support,In person,3,,LimeSurvey 111,
,2026-02-04,,Wednesday,Smyrna,Directional,In person,4,,LimeSurvey 111,
,2026-02-04,,Wednesday,Smyrna,General Ref,In person,6,,LimeSurvey 111,
,2026-02-04,,Wednesday,Smyrna,Tech Support,In person,5,,LimeSurvey 111,
,2026-02-05,,Thursday,Smyrna,Directional,In person,4,,LimeSurvey 111,
,2026-02-05,,Thursday,Smyrna,General Ref,In person,3,,LimeSurvey 111,
,2026-02-05,,Thursday,Smyrna,Tech Support,In person,6,,LimeSurvey 111,
,2026-02-06,,Friday,Smyrna,Directional,In person,2,,LimeSurvey 111,
,2026-02-06,,Friday,Smyrna,General Ref,In person,3,,LimeSurvey 111,
,2026-02-06,,Friday,Smyrna,General Ref,Remote,3,,LimeSurvey 111,
,2026-02-06,,Friday,Smyrna,Tech Support,In person,5,,LimeSurvey 111,
,2026-02-09,,Monday,Smyrna,D2L,In person,1,,LimeSurvey 114,
,2026-02-09,,Monday,Smyrna,Directional,In person,4,,LimeSurvey 114,
,2026-02-09,,Monday,Smyrna,General Ref,In person,3,,LimeSurvey 114,
,2026-02-09,,Monday,Smyrna,Tech Support,In person,1,,LimeSurvey 114,
,2026-02-10,,Tuesday,Smyrna,Directional,In person,3,,LimeSurvey 114,
,2026-02-10,,Tuesday,Smyrna,General Ref,In person,4,,LimeSurvey 114,
,2026-02-10,,Tuesday,Smyrna,Library Search,In person,2,,LimeSurvey 114,
,2026-02-10,,Tuesday,Smyrna,Tech Support,In person,3,,LimeSurvey 114,
,2026-02-11,,Wednesday,Smyrna,Directional,In person,6,,LimeSurvey 114,
,2026-02-11,,Wednesday,Smyrna,General Ref,In person,6,,LimeSurvey 114,
,2026-02-11,,Wednesday,Smyrna,General Ref,Remote,1,,LimeSurvey 114,
,2026-02-11,,Wednesday,Smyrna,Tech Support,In person,4,,LimeSurvey 114,
,2026-02-11,,Wednesday,Smyrna,Tech Support,Remote,1,,LimeSurvey 114,
,2026-02-12,,Thursday,Smyrna,Directional,In person,1,,LimeSurvey 114,
,2026-02-12,,Thursday,Smyrna,General Ref,In person,5,,LimeSurvey 114,
,2026-02-12,,Thursday,Smyrna,General Ref,Remote,1,,LimeSurvey 114,
,2026-02-12,,Thursday,Smyrna,Tech Support,In person,6,,LimeSurvey 114,
,2026-02-13,,Friday,Smyrna,Directional,In person,2,,LimeSurvey 114,
,2026-02-13,,Friday,Smyrna,General Ref,In person,3,,LimeSurvey 114,
,2026-02-14,,Saturday,Smyrna,Directional,In person,2,,LimeSurvey 114,
,2026-02-14,,Saturday,Smyrna,General Ref,In person,1,,LimeSurvey 114,
,2026-02-14,,Saturday,Smyrna,Tech Support,Remote,4,,LimeSurvey 114,
,2026-02-16,,Monday,Smyrna,Directional,In person,5,,LimeSurvey 125,
,2026-02-16,,Monday,Smyrna,General Ref,In person,4,,LimeSurvey 125,
,2026-02-16,,Monday,Smyrna,General Ref,Remote,2,,LimeSurvey 125,
,2026-02-16,,Monday,Smyrna,Library Search,In person,2,,LimeSurvey 125,
,2026-02-16,,Monday,Smyrna,Tech Support,In person,2,,LimeSurvey 125,
,2026-02-17,,Tuesday,Smyrna,Directional,In person,2,,LimeSurvey 125,
,2026-02-17,,Tuesday,Smyrna,General Ref,In person,2,,LimeSurvey 125,
,2026-02-17,,Tuesday,Smyrna,Library Search,In person,3,,LimeSurvey 125,
,2026-02-17,,Tuesday,Smyrna,Tech Support,In person,4,,LimeSurvey 125,
,2026-02-18,,Wednesday,Smyrna,Directional,In person,2,,LimeSurvey 125,
,2026-02-18,,Wednesday,Smyrna,General Ref,In person,2,,LimeSurvey 125,
,2026-02-18,,Wednesday,Smyrna,General Ref,Remote,1,,LimeSurvey 125,
,2026-02-18,,Wednesday,Smyrna,Library Search,In person,2,,LimeSurvey 125,
,2026-02-18,,Wednesday,Smyrna,Tech Support,In person,1,,LimeSurvey 125,
,2026-02-19,,Thursday,Smyrna,Directional,In person,3,,LimeSurvey 125,
,2026-02-19,,Thursday,Smyrna,General Ref,In person,9,,LimeSurvey 125,
,2026-02-19,,Thursday,Smyrna,General Ref,Remote,1,,LimeSurvey 125,
,2026-02-19,,Thursday,Smyrna,Library Search,In person,1,,LimeSurvey 125,
,2026-02-19,,Thursday,Smyrna,Tech Support,In person,2,,LimeSurvey 125,
,2026-02-20,,Friday,Smyrna,Directional,In person,2,,LimeSurvey 125,
,2026-02-20,,Friday,Smyrna,General Ref,In person,3,,LimeSurvey 125,
,2026-02-21,,Saturday,Smyrna,Directional,In person,15,,LimeSurvey 125,
,2026-02-21,,Saturday,Smyrna,General Ref,In person,1,,LimeSurvey 125,
,2026-02-21,,Saturday,Smyrna,Tech Support,In person,1,,LimeSurvey 125,
,2026-02-23,,Monday,Smyrna,Directional,In person,3,,LimeSurvey 124,
,2026-02-23,,Monday,Smyrna,General Ref,In person,5,,LimeSurvey 124,
,2026-02-23,,Monday,Smyrna,Library Search,In person,3,,LimeSurvey 124,
,2026-02-23,,Monday,Smyrna,Tech Support,In person,2,,LimeSurvey 124,
,2026-02-24,,Tuesday,Smyrna,Directional,In person,3,,LimeSurvey 124,
,2026-02-24,,Tuesday,Smyrna,General Ref,In person,1,,LimeSurvey 124,
,2026-02-24,,Tuesday,Smyrna,General Ref,Remote,1,,LimeSurvey 124,
,2026-02-24,,Tuesday,Smyrna,Library Search,In person,1,,LimeSurvey 124,
,2026-02-24,,Tuesday,Smyrna,Tech Support,In person,1,,LimeSurvey 124,
,2026-02-25,,Wednesday,Smyrna,Directional,In person,3,,LimeSurvey 124,
,2026-02-25,,Wednesday,Smyrna,General Ref,In person,2,,LimeSurvey 124,
,2026-02-25,,Wednesday,Smyrna,General Ref,Remote,2,,LimeSurvey 124,
,2026-02-25,,Wednesday,Smyrna,Library Search,In person,1,,LimeSurvey 124,
,2026-02-25,,Wednesday,Smyrna,Tech Support,In person,7,,LimeSurvey 124,
,2026-02-26,,Thursday,Smyrna,Directional,In person,2,,LimeSurvey 124,
,2026-02-26,,Thursday,Smyrna,General Ref,In person,3,,LimeSurvey 124,
,2026-02-26,,Thursday,Smyrna,Tech Support,In person,3,,LimeSurvey 124,
,2026-02-27,,Friday,Smyrna,Directional,In person,2,,LimeSurvey 124,
,2026-02-27,,Friday,Smyrna,Directional,Remote,1,,LimeSurvey 124,
,2026-02-27,,Friday,Smyrna,General Ref,Remote,3,,LimeSurvey 124,
,2026-02-27,,Friday,Smyrna,Tech Support,In person,2,,LimeSurvey 124,
,2026-02-28,,Saturday,Smyrna,Directional,In person,1,,LimeSurvey 124,
,2026-02-28,,Saturday,Smyrna,Tech Support,In person,2,,LimeSurvey 124,
,2026-03-02,,Monday,Smyrna,D2L,In person,1,,LimeSurvey 127,
,2026-03-02,,Monday,Smyrna,Directional,In person,5,,LimeSurvey 127,
,2026-03-02,,Monday,Smyrna,General Ref,In person,5,,LimeSurvey 127,
,2026-03-02,,Monday,Smyrna,General Ref,Remote,1,,LimeSurvey 127,
,2026-03-02,,Monday,Smyrna,Library Search,In person,1,,LimeSurvey 127,
,2026-03-02,,Monday,Smyrna,Tech Support,In person,8,,LimeSurvey 127,
,2026-03-03,,Tuesday,Smyrna,Directional,In person,3,,LimeSurvey 127,
,2026-03-03,,Tuesday,Smyrna,General Ref,In person,8,,LimeSurvey 127,
,2026-03-03,,Tuesday,Smyrna,Tech Support,Remote,2,,LimeSurvey 127,
,2026-03-04,,Wednesday,Smyrna,Directional,In person,4,,LimeSurvey 127,
,2026-03-04,,Wednesday,Smyrna,General Ref,In person,2,,LimeSurvey 127,
,2026-03-04,,Wednesday,Smyrna,General Ref,Remote,3,,LimeSurvey 127,
,2026-03-04,,Wednesday,Smyrna,Library Search,In person,1,,LimeSurvey 127,
,2026-03-04,,Wednesday,Smyrna,Tech Support,In person,6,,LimeSurvey 127,
,2026-03-05,,Thursday,Smyrna,Directional,In person,2,,LimeSurvey 127,
,2026-03-05,,Thursday,Smyrna,General Ref,In person,2,,LimeSurvey 127,
,2026-03-05,,Thursday,Smyrna,General Ref,Remote,1,,LimeSurvey 127,
,2026-03-05,,Thursday,Smyrna,Reference & Instruction,In person,1,,LimeSurvey 127,
,2026-03-05,,Thursday,Smyrna,Tech Support,In person,2,,LimeSurvey 127,
,2026-03-06,,Friday,Smyrna,Directional,In person,4,,LimeSurvey 127,
,2026-03-06,,Friday,Smyrna,General Ref,In person,5,,LimeSurvey 127,
,2026-03-06,,Friday,Smyrna,Tech Support,In person,2,,LimeSurvey 127,
,2026-03-09,,Monday,Smyrna,Directional,In person,1,,LimeSurvey 129,
,2026-03-09,,Monday,Smyrna,General Ref,In person,1,,LimeSurvey 129,
,2026-03-09,,Monday,Smyrna,General Ref,Remote,1,,LimeSurvey 129,
,2026-03-09,,Monday,Smyrna,Library Search,In person,1,,LimeSurvey 129,
,2026-03-10,,Tuesday,Smyrna,General Ref,Remote,1,,LimeSurvey 129,
,2026-03-11,,Wednesday,Smyrna,General Ref,In person,1,,LimeSurvey 129,
,2026-03-11,,Wednesday,Smyrna,General Ref,Remote,2,,LimeSurvey 129,
,2026-03-11,,Wednesday,Smyrna,Library Search,Remote,1,,LimeSurvey 129,
,2026-03-12,,Thursday,Smyrna,Directional,In person,1,,LimeSurvey 129,
,2026-03-12,,Thursday,Smyrna,Directional,Remote,1,,LimeSurvey 129,
,2026-03-12,,Thursday,Smyrna,General Ref,In person,2,,LimeSurvey 129,
,2026-03-13,,Friday,Smyrna,Directional,In person,3,,LimeSurvey 129,
,2026-03-13,,Friday,Smyrna,Tech Support,In person,10,,LimeSurvey 129,
,2026-03-16,,Monday,Smyrna,General Ref,Remote,1,,LimeSurvey 134,
,2026-03-17,,Tuesday,Smyrna,General Ref,In person,1,,LimeSurvey 134,
,2026-03-17,,Tuesday,Smyrna,General Ref,Remote,1,,LimeSurvey 134,
,2026-03-18,,Wednesday,Smyrna,Directional,In person,3,,LimeSurvey 134,
,2026-03-18,,Wednesday,Smyrna,General Ref,In person,3,,LimeSurvey 134,
,2026-03-18,,Wednesday,Smyrna,General Ref,Remote,1,,LimeSurvey 134,
,2026-03-18,,Wednesday,Smyrna,Library Search,Remote,1,,LimeSurvey 134,
,2026-03-18,,Wednesday,Smyrna,Tech Support,In person,2,,LimeSurvey 134,
,2026-03-18,,Wednesday,Smyrna,Tech Support,Remote,1,,LimeSurvey 134,
,2026-03-19,,Thursday,Smyrna,Directional,In person,4,,LimeSurvey 134,
,2026-03-19,,Thursday,Smyrna,General Ref,In person,4,,LimeSurvey 134,
,2026-03-19,,Thursday,Smyrna,Library Search,In person,1,,LimeSurvey 134,
,2026-03-19,,Thursday,Smyrna,Tech Support,In person,2,,LimeSurvey 134,
,2026-03-19,,Thursday,Smyrna,Tech Support,Remote,1,,LimeSurvey 134,
,2026-03-21,,Saturday,Smyrna,Directional,In person,1,,LimeSurvey 134,
,2026-03-21,,Saturday,Smyrna,General Ref,In person,1,,LimeSurvey 134,
,2026-03-21,,Saturday,Smyrna,Tech Support,In person,2,,LimeSurvey 134,
,2026-03-23,,Monday,Smyrna,Directional,In person,1,,LimeSurvey 137,
,2026-03-23,,Monday,Smyrna,General Ref,In person,2,,LimeSurvey 137,
,2026-03-23,,Monday,Smyrna,Library Search,In person,2,,LimeSurvey 137,
,2026-03-23,,Monday,Smyrna,Tech Support,In person,2,,LimeSurvey 137,
,2026-03-24,,Tuesday,Smyrna,Directional,In person,2,,LimeSurvey 137,
,2026-03-24,,Tuesday,Smyrna,General Ref,In person,4,,LimeSurvey 137,
,2026-03-24,,Tuesday,Smyrna,Library Search,In person,1,,LimeSurvey 137,
,2026-03-24,,Tuesday,Smyrna,Tech Support,In person,3,,LimeSurvey 137,
,2026-03-25,,Wednesday,Smyrna,Directional,In person,1,,LimeSurvey 137,
,2026-03-25,,Wednesday,Smyrna,General Ref,In person,1,,LimeSurvey 137,
,2026-03-25,,Wednesday,Smyrna,Library Search,In person,1,,LimeSurvey 137,
,2026-03-25,,Wednesday,Smyrna,Tech Support,In person,3,,LimeSurvey 137,
,2026-03-26,,Thursday,Smyrna,Directional,In person,6,,LimeSurvey 137,
,2026-03-26,,Thursday,Smyrna,General Ref,In person,3,,LimeSurvey 137,
,2026-03-26,,Thursday,Smyrna,Tech Support,In person,1,,LimeSurvey 137,
,2026-03-27,,Friday,Smyrna,General Ref,Remote,1,,LimeSurvey 137,
,2026-03-28,,Saturday,Smyrna,General Ref,In person,1,,LimeSurvey 137,
,2026-03-30,,Monday,Smyrna,Directional,In person,1,,LimeSurvey 168,
,2026-03-30,,Monday,Smyrna,General Ref,In person,2,,LimeSurvey 168,
,2026-03-30,,Monday,Smyrna,General Ref,Remote,1,,LimeSurvey 168,
,2026-03-30,,Monday,Smyrna,Tech Support,In person,1,,LimeSurvey 168,
,2026-03-31,,Tuesday,Smyrna,Directional,In person,3,,LimeSurvey 168,
,2026-03-31,,Tuesday,Smyrna,General Ref,In person,4,,LimeSurvey 168,
,2026-03-31,,Tuesday,Smyrna,Library Search,In person,1,,LimeSurvey 168,
,2026-03-31,,Tuesday,Smyrna,Tech Support,In person,1,,LimeSurvey 168,
,2026-04-01,,Wednesday,Smyrna,Directional,In person,1,,LimeSurvey 168,
,2026-04-01,,Wednesday,Smyrna,Tech Support,In person,1,,LimeSurvey 168,
,2026-04-02,,Thursday,Smyrna,General Ref,In person,1,,LimeSurvey 168,
,2026-04-02,,Thursday,Smyrna,Tech Support,In person,2,,LimeSurvey 168,
,2026-04-03,,Friday,Smyrna,Directional,In person,1,,LimeSurvey 168,
,2026-04-06,,Monday,Smyrna,Directional,In person,2,,LimeSurvey 147,
,2026-04-06,,Monday,Smyrna,General Ref,In person,1,,LimeSurvey 147,
,2026-04-07,,Tuesday,Smyrna,Directional,In person,7,,LimeSurvey 147,
,2026-04-07,,Tuesday,Smyrna,General Ref,In person,1,,LimeSurvey 147,
,2026-04-07,,Tuesday,Smyrna,Tech Support,In person,2,,LimeSurvey 147,
,2026-04-08,,Wednesday,Smyrna,Directional,In person,1,,LimeSurvey 147,
,2026-04-08,,Wednesday,Smyrna,Directional,Remote,1,,LimeSurvey 147,
,2026-04-08,,Wednesday,Smyrna,General Ref,In person,4,,LimeSurvey 147,
,2026-04-08,,Wednesday,Smyrna,Tech Support,In person,1,,LimeSurvey 147,
,2026-04-09,,Thursday,Smyrna,Directional,In person,3,,LimeSurvey 147,
,2026-04-09,,Thursday,Smyrna,General Ref,In person,2,,LimeSurvey 147,
,2026-04-09,,Thursday,Smyrna,Tech Support,In person,1,,LimeSurvey 147,
,2026-04-10,,Friday,Smyrna,Directional,In person,3,,LimeSurvey 147,
,2026-04-10,,Friday,Smyrna,General Ref,In person,1,,LimeSurvey 147,
,2026-04-10,,Friday,Smyrna,Tech Support,In person,2,,LimeSurvey 147,
,2026-04-11,,Saturday,Smyrna,Library Search,In person,1,,LimeSurvey 147,
,2026-04-12,,Sunday,Smyrna,D2L,In person,0,,LimeSurvey 150,
,2026-04-12,,Sunday,Smyrna,D2L,Remote,0,,LimeSurvey 150,
,2026-04-12,,Sunday,Smyrna,Directional,In person,0,,LimeSurvey 150,
,2026-04-12,,Sunday,Smyrna,Directional,Remote,0,,LimeSurvey 150,
,2026-04-12,,Sunday,Smyrna,General Ref,In person,0,,LimeSurvey 150,
,2026-04-12,,Sunday,Smyrna,General Ref,Remote,0,,LimeSurvey 150,
,2026-04-12,,Sunday,Smyrna,Library Search,In person,0,,LimeSurvey 150,
,2026-04-12,,Sunday,Smyrna,Library Search,Remote,0,,LimeSurvey 150,
,2026-04-12,,Sunday,Smyrna,Reference & Instruction,In person,0,,LimeSurvey 150,
,2026-04-12,,Sunday,Smyrna,Reference & Instruction,Remote,0,,LimeSurvey 150,
,2026-04-12,,Sunday,Smyrna,Tech Support,In person,0,,LimeSurvey 150,
,2026-04-12,,Sunday,Smyrna,Tech Support,Remote,0,,LimeSurvey 150,
,2026-04-13,,Monday,Smyrna,D2L,In person,0,,LimeSurvey 150,
,2026-04-13,,Monday,Smyrna,D2L,Remote,0,,LimeSurvey 150,
,2026-04-13,,Monday,Smyrna,Directional,In person,5,,LimeSurvey 150,
,2026-04-13,,Monday,Smyrna,Directional,Remote,0,,LimeSurvey 150,
,2026-04-13,,Monday,Smyrna,General Ref,In person,3,,LimeSurvey 150,
,2026-04-13,,Monday,Smyrna,General Ref,Remote,0,,LimeSurvey 150,
,2026-04-13,,Monday,Smyrna,Library Search,In person,1,,LimeSurvey 150,
,2026-04-13,,Monday,Smyrna,Library Search,Remote,0,,LimeSurvey 150,
,2026-04-13,,Monday,Smyrna,Reference & Instruction,In person,0,,LimeSurvey 150,
,2026-04-13,,Monday,Smyrna,Reference & Instruction,Remote,0,,LimeSurvey 150,
,2026-04-13,,Monday,Smyrna,Tech Support,In person,3,,LimeSurvey 150,
,2026-04-13,,Monday,Smyrna,Tech Support,Remote,0,,LimeSurvey 150,
,2026-04-14,,Tuesday,Smyrna,D2L,In person,0,,LimeSurvey 150,
,2026-04-14,,Tuesday,Smyrna,D2L,Remote,0,,LimeSurvey 150,
,2026-04-14,,Tuesday,Smyrna,Directional,In person,3,,LimeSurvey 150,
,2026-04-14,,Tuesday,Smyrna,Directional,Remote,0,,LimeSurvey 150,
,2026-04-14,,Tuesday,Smyrna,General Ref,In person,6,,LimeSurvey 150,
,2026-04-14,,Tuesday,Smyrna,General Ref,Remote,0,,LimeSurvey 150,
,2026-04-14,,Tuesday,Smyrna,Library Search,In person,1,,LimeSurvey 150,
,2026-04-14,,Tuesday,Smyrna,Library Search,Remote,0,,LimeSurvey 150,
,2026-04-14,,Tuesday,Smyrna,Reference & Instruction,In person,0,,LimeSurvey 150,
,2026-04-14,,Tuesday,Smyrna,Reference & Instruction,Remote,0,,LimeSurvey 150,
,2026-04-14,,Tuesday,Smyrna,Tech Support,In person,1,,LimeSurvey 150,
,2026-04-14,,Tuesday,Smyrna,Tech Support,Remote,0,,LimeSurvey 150,
,2026-04-15,,Wednesday,Smyrna,D2L,In person,0,,LimeSurvey 150,
,2026-04-15,,Wednesday,Smyrna,D2L,Remote,0,,LimeSurvey 150,
,2026-04-15,,Wednesday,Smyrna,Directional,In person,2,,LimeSurvey 150,
,2026-04-15,,Wednesday,Smyrna,Directional,Remote,0,,LimeSurvey 150,
,2026-04-15,,Wednesday,Smyrna,General Ref,In person,2,,LimeSurvey 150,
,2026-04-15,,Wednesday,Smyrna,General Ref,Remote,1,,LimeSurvey 150,
,2026-04-15,,Wednesday,Smyrna,Library Search,In person,0,,LimeSurvey 150,
,2026-04-15,,Wednesday,Smyrna,Library Search,Remote,0,,LimeSurvey 150,
,2026-04-15,,Wednesday,Smyrna,Reference & Instruction,In person,0,,LimeSurvey 150,
,2026-04-15,,Wednesday,Smyrna,Reference & Instruction,Remote,0,,LimeSurvey 150,
,2026-04-15,,Wednesday,Smyrna,Tech Support,In person,0,,LimeSurvey 150,
,2026-04-15,,Wednesday,Smyrna,Tech Support,Remote,0,,LimeSurvey 150,
,2026-04-16,,Thursday,Smyrna,D2L,In person,0,,LimeSurvey 150,
,2026-04-16,,Thursday,Smyrna,D2L,Remote,0,,LimeSurvey 150,
,2026-04-16,,Thursday,Smyrna,Directional,In person,1,,LimeSurvey 150,
,2026-04-16,,Thursday,Smyrna,Directional,Remote,0,,LimeSurvey 150,
,2026-04-16,,Thursday,Smyrna,General Ref,In person,3,,LimeSurvey 150,
,2026-04-16,,Thursday,Smyrna,General Ref,Remote,0,,LimeSurvey 150,
,2026-04-16,,Thursday,Smyrna,Library Search,In person,1,,LimeSurvey 150,
,2026-04-16,,Thursday,Smyrna,Library Search,Remote,0,,LimeSurvey 150,
,2026-04-16,,Thursday,Smyrna,Reference & Instruction,In person,0,,LimeSurvey 150,
,2026-04-16,,Thursday,Smyrna,Reference & Instruction,Remote,0,,LimeSurvey 150,
,2026-04-16,,Thursday,Smyrna,Tech Support,In person,0,,LimeSurvey 150,
,2026-04-16,,Thursday,Smyrna,Tech Support,Remote,0,,LimeSurvey 150,
,2026-04-17,,Friday,Smyrna,D2L,In person,0,,LimeSurvey 150,
,2026-04-17,,Friday,Smyrna,D2L,Remote,0,,LimeSurvey 150,
,2026-04-17,,Friday,Smyrna,Directional,In person,2,,LimeSurvey 150,
,2026-04-17,,Friday,Smyrna,Directional,Remote,0,,LimeSurvey 150,
,2026-04-17,,Friday,Smyrna,General Ref,In person,1,,LimeSurvey 150,
,2026-04-17,,Friday,Smyrna,General Ref,Remote,2,,LimeSurvey 150,
,2026-04-17,,Friday,Smyrna,Library Search,In person,0,,LimeSurvey 150,
,2026-04-17,,Friday,Smyrna,Library Search,Remote,0,,LimeSurvey 150,
,2026-04-17,,Friday,Smyrna,Reference & Instruction,In person,0,,LimeSurvey 150,
,2026-04-17,,Friday,Smyrna,Reference & Instruction,Remote,0,,LimeSurvey 150,
,2026-04-17,,Friday,Smyrna,Tech Support,In person,0,,LimeSurvey 150,
,2026-04-17,,Friday,Smyrna,Tech Support,Remote,0,,LimeSurvey 150,
,2026-04-18,,Saturday,Smyrna,D2L,In person,0,,LimeSurvey 150,
,2026-04-18,,Saturday,Smyrna,D2L,Remote,0,,LimeSurvey 150,
,2026-04-18,,Saturday,Smyrna,Directional,In person,0,,LimeSurvey 150,
,2026-04-18,,Saturday,Smyrna,Directional,Remote,0,,LimeSurvey 150,
,2026-04-18,,Saturday,Smyrna,General Ref,In person,0,,LimeSurvey 150,
,2026-04-18,,Saturday,Smyrna,General Ref,Remote,0,,LimeSurvey 150,
,2026-04-18,,Saturday,Smyrna,Library Search,In person,0,,LimeSurvey 150,
,2026-04-18,,Saturday,Smyrna,Library Search,Remote,0,,LimeSurvey 150,
,2026-04-18,,Saturday,Smyrna,Reference & Instruction,In person,0,,LimeSurvey 150,
,2026-04-18,,Saturday,Smyrna,Reference & Instruction,Remote,0,,LimeSurvey 150,
,2026-04-18,,Saturday,Smyrna,Tech Support,In person,0,,LimeSurvey 150,
,2026-04-18,,Saturday,Smyrna,Tech Support,Remote,0,,LimeSurvey 150,
,2026-04-20,,Monday,Smyrna,Directional,In person,4,,LimeSurvey 153,
,2026-04-20,,Monday,Smyrna,General Ref,In person,3,,LimeSurvey 153,
,2026-04-20,,Monday,Smyrna,General Ref,Remote,1,,LimeSurvey 153,
,2026-04-20,,Monday,Smyrna,Tech Support,In person,1,,LimeSurvey 153,
,2026-04-21,,Tuesday,Smyrna,Directional,In person,4,,LimeSurvey 153,
,2026-04-21,,Tuesday,Smyrna,General Ref,In person,3,,LimeSurvey 153,
,2026-04-21,,Tuesday,Smyrna,Tech Support,In person,2,,LimeSurvey 153,
,2026-04-22,,Wednesday,Smyrna,Directional,In person,4,,LimeSurvey 153,
,2026-04-22,,Wednesday,Smyrna,General Ref,In person,4,,LimeSurvey 153,
,2026-04-22,,Wednesday,Smyrna,General Ref,Remote,1,,LimeSurvey 153,
,2026-04-22,,Wednesday,Smyrna,Tech Support,In person,2,,LimeSurvey 153,
,2026-04-23,,Thursday,Smyrna,Directional,In person,4,,LimeSurvey 153,
,2026-04-23,,Thursday,Smyrna,General Ref,In person,1,,LimeSurvey 153,
,2026-04-24,,Friday,Smyrna,Directional,In person,2,,LimeSurvey 153,
,2026-04-24,,Friday,Smyrna,General Ref,Remote,3,,LimeSurvey 153,
,2026-04-24,,Friday,Smyrna,Tech Support,In person,1,,LimeSurvey 153,
,2026-04-25,,Saturday,Smyrna,Directional,In person,2,,LimeSurvey 153,
,2026-04-25,,Saturday,Smyrna,General Ref,In person,1,,LimeSurvey 153,
,2026-04-25,,Saturday,Smyrna,Tech Support,In person,1,,LimeSurvey 153,
,2026-04-26,,Sunday,Smyrna,Directional,In person,0,,LimeSurvey 156,
,2026-04-26,,Sunday,Smyrna,Directional,Remote,0,,LimeSurvey 156,
,2026-04-26,,Sunday,Smyrna,General Ref,In person,0,,LimeSurvey 156,
,2026-04-26,,Sunday,Smyrna,General Ref,Remote,0,,LimeSurvey 156,
,2026-04-26,,Sunday,Smyrna,Library Search,In person,0,,LimeSurvey 156,
,2026-04-26,,Sunday,Smyrna,Library Search,Remote,0,,LimeSurvey 156,
,2026-04-26,,Sunday,Smyrna,Reference & Instruction,In person,0,,LimeSurvey 156,
,2026-04-26,,Sunday,Smyrna,Reference & Instruction,Remote,0,,LimeSurvey 156,
,2026-04-26,,Sunday,Smyrna,Tech Support,In person,0,,LimeSurvey 156,
,2026-04-26,,Sunday,Smyrna,Tech Support,Remote,0,,LimeSurvey 156,
,2026-04-27,,Monday,Smyrna,D2L,In person,0,,LimeSurvey 156,
,2026-04-27,,Monday,Smyrna,D2L,Remote,0,,LimeSurvey 156,
,2026-04-27,,Monday,Smyrna,Directional,In person,11,,LimeSurvey 156,
,2026-04-27,,Monday,Smyrna,Directional,Remote,0,,LimeSurvey 156,
,2026-04-27,,Monday,Smyrna,General Ref,In person,2,,LimeSurvey 156,
,2026-04-27,,Monday,Smyrna,General Ref,Remote,0,,LimeSurvey 156,
,2026-04-27,,Monday,Smyrna,Library Search,In person,0,,LimeSurvey 156,
,2026-04-27,,Monday,Smyrna,Library Search,Remote,0,,LimeSurvey 156,
,2026-04-27,,Monday,Smyrna,Reference & Instruction,In person,0,,LimeSurvey 156,
,2026-04-27,,Monday,Smyrna,Reference & Instruction,Remote,0,,LimeSurvey 156,
,2026-04-27,,Monday,Smyrna,Tech Support,In person,1,,LimeSurvey 156,
,2026-04-27,,Monday,Smyrna,Tech Support,Remote,0,,LimeSurvey 156,
,2026-04-28,,Tuesday,Smyrna,D2L,In person,0,,LimeSurvey 156,
,2026-04-28,,Tuesday,Smyrna,D2L,Remote,0,,LimeSurvey 156,
,2026-04-28,,Tuesday,Smyrna,Directional,In person,5,,LimeSurvey 156,
,2026-04-28,,Tuesday,Smyrna,Directional,Remote,0,,LimeSurvey 156,
,2026-04-28,,Tuesday,Smyrna,General Ref,In person,1,,LimeSurvey 156,
,2026-04-28,,Tuesday,Smyrna,General Ref,Remote,0,,LimeSurvey 156,
,2026-04-28,,Tuesday,Smyrna,Library Search,In person,0,,LimeSurvey 156,
,2026-04-28,,Tuesday,Smyrna,Library Search,Remote,0,,LimeSurvey 156,
,2026-04-28,,Tuesday,Smyrna,Reference & Instruction,In person,0,,LimeSurvey 156,
,2026-04-28,,Tuesday,Smyrna,Reference & Instruction,Remote,0,,LimeSurvey 156,
,2026-04-28,,Tuesday,Smyrna,Tech Support,In person,0,,LimeSurvey 156,
,2026-04-28,,Tuesday,Smyrna,Tech Support,Remote,0,,LimeSurvey 156,
,2026-04-29,,Wednesday,Smyrna,D2L,In person,0,,LimeSurvey 156,
,2026-04-29,,Wednesday,Smyrna,D2L,Remote,0,,LimeSurvey 156,
,2026-04-29,,Wednesday,Smyrna,Directional,In person,2,,LimeSurvey 156,
,2026-04-29,,Wednesday,Smyrna,Directional,Remote,1,,LimeSurvey 156,
,2026-04-29,,Wednesday,Smyrna,General Ref,In person,3,,LimeSurvey 156,
,2026-04-29,,Wednesday,Smyrna,General Ref,Remote,2,,LimeSurvey 156,
,2026-04-29,,Wednesday,Smyrna,Library Search,In person,0,,LimeSurvey 156,
,2026-04-29,,Wednesday,Smyrna,Library Search,Remote,0,,LimeSurvey 156,
,2026-04-29,,Wednesday,Smyrna,Reference & Instruction,In person,0,,LimeSurvey 156,
,2026-04-29,,Wednesday,Smyrna,Reference & Instruction,Remote,0,,LimeSurvey 156,
,2026-04-29,,Wednesday,Smyrna,Tech Support,In person,0,,LimeSurvey 156,
,2026-04-29,,Wednesday,Smyrna,Tech Support,Remote,0,,LimeSurvey 156,
,2026-04-30,,Thursday,Smyrna,D2L,In person,0,,LimeSurvey 156,
,2026-04-30,,Thursday,Smyrna,D2L,Remote,0,,LimeSurvey 156,
,2026-04-30,,Thursday,Smyrna,Directional,In person,6,,LimeSurvey 156,
,2026-04-30,,Thursday,Smyrna,Directional,Remote,0,,LimeSurvey 156,
,2026-04-30,,Thursday,Smyrna,General Ref,In person,5,,LimeSurvey 156,
,2026-04-30,,Thursday,Smyrna,General Ref,Remote,0,,LimeSurvey 156,
,2026-04-30,,Thursday,Smyrna,Library Search,In person,0,,LimeSurvey 156,
,2026-04-30,,Thursday,Smyrna,Library Search,Remote,0,,LimeSurvey 156,
,2026-04-30,,Thursday,Smyrna,Reference & Instruction,In person,0,,LimeSurvey 156,
,2026-04-30,,Thursday,Smyrna,Reference & Instruction,Remote,0,,LimeSurvey 156,
,2026-04-30,,Thursday,Smyrna,Tech Support,In person,6,,LimeSurvey 156,
,2026-04-30,,Thursday,Smyrna,Tech Support,Remote,0,,LimeSurvey 156,
,2026-05-01,,Friday,Smyrna,D2L,In person,0,,LimeSurvey 156,
,2026-05-01,,Friday,Smyrna,D2L,Remote,0,,LimeSurvey 156,
,2026-05-01,,Friday,Smyrna,Directional,In person,0,,LimeSurvey 156,
,2026-05-01,,Friday,Smyrna,Directional,Remote,0,,LimeSurvey 156,
,2026-05-01,,Friday,Smyrna,General Ref,In person,0,,LimeSurvey 156,
,2026-05-01,,Friday,Smyrna,General Ref,Remote,2,,LimeSurvey 156,
,2026-05-01,,Friday,Smyrna,Library Search,In person,0,,LimeSurvey 156,
,2026-05-01,,Friday,Smyrna,Library Search,Remote,0,,LimeSurvey 156,
,2026-05-01,,Friday,Smyrna,Reference & Instruction,In person,0,,LimeSurvey 156,
,2026-05-01,,Friday,Smyrna,Reference & Instruction,Remote,0,,LimeSurvey 156,
,2026-05-01,,Friday,Smyrna,Tech Support,In person,1,,LimeSurvey 156,
,2026-05-01,,Friday,Smyrna,Tech Support,Remote,0,,LimeSurvey 156,
,2026-05-02,,Saturday,Smyrna,D2L,In person,0,,LimeSurvey 156,
,2026-05-02,,Saturday,Smyrna,D2L,Remote,0,,LimeSurvey 156,
,2026-05-02,,Saturday,Smyrna,Directional,In person,0,,LimeSurvey 156,
,2026-05-02,,Saturday,Smyrna,Directional,Remote,0,,LimeSurvey 156,
,2026-05-02,,Saturday,Smyrna,General Ref,In person,2,,LimeSurvey 156,
,2026-05-02,,Saturday,Smyrna,General Ref,Remote,1,,LimeSurvey 156,
,2026-05-02,,Saturday,Smyrna,Library Search,In person,0,,LimeSurvey 156,
,2026-05-02,,Saturday,Smyrna,Library Search,Remote,0,,LimeSurvey 156,
,2026-05-02,,Saturday,Smyrna,Reference & Instruction,In person,0,,LimeSurvey 156,
,2026-05-02,,Saturday,Smyrna,Reference & Instruction,Remote,0,,LimeSurvey 156,
,2026-05-02,,Saturday,Smyrna,Tech Support,In person,0,,LimeSurvey 156,
,2026-05-02,,Saturday,Smyrna,Tech Support,Remote,0,,LimeSurvey 156,
,2026-05-04,,Monday,Smyrna,Directional,In person,5,,LimeSurvey 159,
,2026-05-04,,Monday,Smyrna,General Ref,In person,1,,LimeSurvey 159,
,2026-05-04,,Monday,Smyrna,Tech Support,In person,2,,LimeSurvey 159,
,2026-05-05,,Tuesday,Smyrna,Directional,In person,9,,LimeSurvey 159,
,2026-05-05,,Tuesday,Smyrna,General Ref,In person,3,,LimeSurvey 159,
,2026-05-05,,Tuesday,Smyrna,Tech Support,In person,1,,LimeSurvey 159,
,2026-05-06,,Wednesday,Smyrna,Directional,In person,4,,LimeSurvey 159,
,2026-05-06,,Wednesday,Smyrna,General Ref,In person,3,,LimeSurvey 159,
,2026-05-06,,Wednesday,Smyrna,General Ref,Remote,2,,LimeSurvey 159,
,2026-05-06,,Wednesday,Smyrna,Tech Support,In person,2,,LimeSurvey 159,
,2026-05-07,,Thursday,Smyrna,Directional,In person,1,,LimeSurvey 159,
,2026-05-07,,Thursday,Smyrna,General Ref,In person,1,,LimeSurvey 159,
,2026-05-07,,Thursday,Smyrna,General Ref,Remote,1,,LimeSurvey 159,
,2026-05-07,,Thursday,Smyrna,Tech Support,In person,4,,LimeSurvey 159,
,2026-05-08,,Friday,Smyrna,Directional,In person,1,,LimeSurvey 159,
,2026-05-08,,Friday,Smyrna,General Ref,Remote,1,,LimeSurvey 159,
,2026-05-11,,Monday,Smyrna,Directional,In person,2,,LimeSurvey 169,
,2026-05-11,,Monday,Smyrna,General Ref,In person,3,,LimeSurvey 169,
,2026-05-12,,Tuesday,Smyrna,Directional,In person,1,,LimeSurvey 169,
,2026-05-12,,Tuesday,Smyrna,Tech Support,In person,1,,LimeSurvey 169,
,2026-05-13,,Wednesday,Smyrna,General Ref,In person,1,,LimeSurvey 169,
,2026-05-13,,Wednesday,Smyrna,Tech Support,In person,2,,LimeSurvey 169,
,2026-05-17,,Sunday,Smyrna,D2L,In person,0,,LimeSurvey 171,
,2026-05-17,,Sunday,Smyrna,D2L,Remote,0,,LimeSurvey 171,
,2026-05-17,,Sunday,Smyrna,Directional,In person,0,,LimeSurvey 171,
,2026-05-17,,Sunday,Smyrna,Directional,Remote,0,,LimeSurvey 171,
,2026-05-17,,Sunday,Smyrna,General Ref,In person,0,,LimeSurvey 171,
,2026-05-17,,Sunday,Smyrna,General Ref,Remote,0,,LimeSurvey 171,
,2026-05-17,,Sunday,Smyrna,Library Search,In person,0,,LimeSurvey 171,
,2026-05-17,,Sunday,Smyrna,Library Search,Remote,0,,LimeSurvey 171,
,2026-05-17,,Sunday,Smyrna,Reference & Instruction,In person,0,,LimeSurvey 171,
,2026-05-17,,Sunday,Smyrna,Reference & Instruction,Remote,0,,LimeSurvey 171,
,2026-05-17,,Sunday,Smyrna,Tech Support,In person,0,,LimeSurvey 171,
,2026-05-17,,Sunday,Smyrna,Tech Support,Remote,0,,LimeSurvey 171,
,2026-05-18,,Monday,Smyrna,D2L,In person,0,,LimeSurvey 171,
,2026-05-18,,Monday,Smyrna,D2L,Remote,0,,LimeSurvey 171,
,2026-05-18,,Monday,Smyrna,Directional,In person,1,,LimeSurvey 171,
,2026-05-18,,Monday,Smyrna,Directional,Remote,0,,LimeSurvey 171,
,2026-05-18,,Monday,Smyrna,General Ref,In person,1,,LimeSurvey 171,
,2026-05-18,,Monday,Smyrna,General Ref,Remote,0,,LimeSurvey 171,
,2026-05-18,,Monday,Smyrna,Library Search,In person,0,,LimeSurvey 171,
,2026-05-18,,Monday,Smyrna,Library Search,Remote,0,,LimeSurvey 171,
,2026-05-18,,Monday,Smyrna,Reference & Instruction,In person,0,,LimeSurvey 171,
,2026-05-18,,Monday,Smyrna,Reference & Instruction,Remote,0,,LimeSurvey 171,
,2026-05-18,,Monday,Smyrna,Tech Support,In person,0,,LimeSurvey 171,
,2026-05-18,,Monday,Smyrna,Tech Support,Remote,0,,LimeSurvey 171,
,2026-05-19,,Tuesday,Smyrna,D2L,In person,0,,LimeSurvey 171,
,2026-05-19,,Tuesday,Smyrna,D2L,Remote,0,,LimeSurvey 171,
,2026-05-19,,Tuesday,Smyrna,Directional,In person,1,,LimeSurvey 171,
,2026-05-19,,Tuesday,Smyrna,Directional,Remote,0,,LimeSurvey 171,
,2026-05-19,,Tuesday,Smyrna,General Ref,In person,0,,LimeSurvey 171,
,2026-05-19,,Tuesday,Smyrna,General Ref,Remote,0,,LimeSurvey 171,
,2026-05-19,,Tuesday,Smyrna,Library Search,In person,0,,LimeSurvey 171,
,2026-05-19,,Tuesday,Smyrna,Library Search,Remote,0,,LimeSurvey 171,
,2026-05-19,,Tuesday,Smyrna,Reference & Instruction,In person,0,,LimeSurvey 171,
,2026-05-19,,Tuesday,Smyrna,Reference & Instruction,Remote,0,,LimeSurvey 171,
,2026-05-19,,Tuesday,Smyrna,Tech Support,In person,0,,LimeSurvey 171,
,2026-05-19,,Tuesday,Smyrna,Tech Support,Remote,0,,LimeSurvey 171,
,2026-05-20,,Wednesday,Smyrna,D2L,In person,0,,LimeSurvey 171,
,2026-05-20,,Wednesday,Smyrna,D2L,Remote,0,,LimeSurvey 171,
,2026-05-20,,Wednesday,Smyrna,Directional,In person,0,,LimeSurvey 171,
,2026-05-20,,Wednesday,Smyrna,Directional,Remote,1,,LimeSurvey 171,
,2026-05-20,,Wednesday,Smyrna,General Ref,In person,2,,LimeSurvey 171,
,2026-05-20,,Wednesday,Smyrna,General Ref,Remote,0,,LimeSurvey 171,
,2026-05-20,,Wednesday,Smyrna,Library Search,In person,0,,LimeSurvey 171,
,2026-05-20,,Wednesday,Smyrna,Library Search,Remote,0,,LimeSurvey 171,
,2026-05-20,,Wednesday,Smyrna,Reference & Instruction,In person,0,,LimeSurvey 171,
,2026-05-20,,Wednesday,Smyrna,Reference & Instruction,Remote,0,,LimeSurvey 171,
,2026-05-20,,Wednesday,Smyrna,Tech Support,In person,0,,LimeSurvey 171,
,2026-05-20,,Wednesday,Smyrna,Tech Support,Remote,0,,LimeSurvey 171,
,2026-05-21,,Thursday,Smyrna,D2L,In person,0,,LimeSurvey 171,
,2026-05-21,,Thursday,Smyrna,D2L,Remote,0,,LimeSurvey 171,
,2026-05-21,,Thursday,Smyrna,Directional,In person,0,,LimeSurvey 171,
,2026-05-21,,Thursday,Smyrna,Directional,Remote,0,,LimeSurvey 171,
,2026-05-21,,Thursday,Smyrna,General Ref,In person,0,,LimeSurvey 171,
,2026-05-21,,Thursday,Smyrna,General Ref,Remote,0,,LimeSurvey 171,
,2026-05-21,,Thursday,Smyrna,Library Search,In person,0,,LimeSurvey 171,
,2026-05-21,,Thursday,Smyrna,Library Search,Remote,0,,LimeSurvey 171,
,2026-05-21,,Thursday,Smyrna,Reference & Instruction,In person,0,,LimeSurvey 171,
,2026-05-21,,Thursday,Smyrna,Reference & Instruction,Remote,0,,LimeSurvey 171,
,2026-05-21,,Thursday,Smyrna,Tech Support,In person,0,,LimeSurvey 171,
,2026-05-21,,Thursday,Smyrna,Tech Support,Remote,0,,LimeSurvey 171,
,2026-05-22,,Friday,Smyrna,D2L,In person,0,,LimeSurvey 171,
,2026-05-22,,Friday,Smyrna,D2L,Remote,0,,LimeSurvey 171,
,2026-05-22,,Friday,Smyrna,Directional,In person,0,,LimeSurvey 171,
,2026-05-22,,Friday,Smyrna,Directional,Remote,0,,LimeSurvey 171,
,2026-05-22,,Friday,Smyrna,General Ref,In person,0,,LimeSurvey 171,
,2026-05-22,,Friday,Smyrna,General Ref,Remote,0,,LimeSurvey 171,
,2026-05-22,,Friday,Smyrna,Library Search,In person,0,,LimeSurvey 171,
,2026-05-22,,Friday,Smyrna,Library Search,Remote,0,,LimeSurvey 171,
,2026-05-22,,Friday,Smyrna,Reference & Instruction,In person,0,,LimeSurvey 171,
,2026-05-22,,Friday,Smyrna,Reference & Instruction,Remote,0,,LimeSurvey 171,
,2026-05-22,,Friday,Smyrna,Tech Support,In person,0,,LimeSurvey 171,
,2026-05-22,,Friday,Smyrna,Tech Support,Remote,0,,LimeSurvey 171,
,2026-05-23,,Saturday,Smyrna,D2L,In person,0,,LimeSurvey 171,
,2026-05-23,,Saturday,Smyrna,D2L,Remote,0,,LimeSurvey 171,
,2026-05-23,,Saturday,Smyrna,Directional,In person,0,,LimeSurvey 171,
,2026-05-23,,Saturday,Smyrna,Directional,Remote,0,,LimeSurvey 171,
,2026-05-23,,Saturday,Smyrna,General Ref,In person,0,,LimeSurvey 171,
,2026-05-23,,Saturday,Smyrna,General Ref,Remote,0,,LimeSurvey 171,
,2026-05-23,,Saturday,Smyrna,Library Search,In person,0,,LimeSurvey 171,
,2026-05-23,,Saturday,Smyrna,Library Search,Remote,0,,LimeSurvey 171,
,2026-05-23,,Saturday,Smyrna,Reference & Instruction,In person,0,,LimeSurvey 171,
,2026-05-23,,Saturday,Smyrna,Reference & Instruction,Remote,0,,LimeSurvey 171,
,2026-05-23,,Saturday,Smyrna,Tech Support,In person,0,,LimeSurvey 171,
,2026-05-23,,Saturday,Smyrna,Tech Support,Remote,0,,LimeSurvey 171,
,2026-05-24,,Sunday,Smyrna,D2L,In person,0,,LimeSurvey 176,
,2026-05-24,,Sunday,Smyrna,D2L,Remote,0,,LimeSurvey 176,
,2026-05-24,,Sunday,Smyrna,Directional,In person,0,,LimeSurvey 176,
,2026-05-24,,Sunday,Smyrna,Directional,Remote,0,,LimeSurvey 176,
,2026-05-24,,Sunday,Smyrna,General Ref,In person,0,,LimeSurvey 176,
,2026-05-24,,Sunday,Smyrna,General Ref,Remote,0,,LimeSurvey 176,
,2026-05-24,,Sunday,Smyrna,Library Search,In person,0,,LimeSurvey 176,
,2026-05-24,,Sunday,Smyrna,Library Search,Remote,0,,LimeSurvey 176,
,2026-05-24,,Sunday,Smyrna,Reference & Instruction,In person,0,,LimeSurvey 176,
,2026-05-24,,Sunday,Smyrna,Reference & Instruction,Remote,0,,LimeSurvey 176,
,2026-05-24,,Sunday,Smyrna,Tech Support,In person,0,,LimeSurvey 176,
,2026-05-24,,Sunday,Smyrna,Tech Support,Remote,0,,LimeSurvey 176,
,2026-05-25,,Monday,Smyrna,D2L,In person,0,,LimeSurvey 176,
,2026-05-25,,Monday,Smyrna,D2L,Remote,0,,LimeSurvey 176,
,2026-05-25,,Monday,Smyrna,Directional,In person,0,,LimeSurvey 176,
,2026-05-25,,Monday,Smyrna,Directional,Remote,0,,LimeSurvey 176,
,2026-05-25,,Monday,Smyrna,General Ref,In person,0,,LimeSurvey 176,
,2026-05-25,,Monday,Smyrna,General Ref,Remote,0,,LimeSurvey 176,
,2026-05-25,,Monday,Smyrna,Library Search,In person,0,,LimeSurvey 176,
,2026-05-25,,Monday,Smyrna,Library Search,Remote,0,,LimeSurvey 176,
,2026-05-25,,Monday,Smyrna,Reference & Instruction,In person,0,,LimeSurvey 176,
,2026-05-25,,Monday,Smyrna,Reference & Instruction,Remote,0,,LimeSurvey 176,
,2026-05-25,,Monday,Smyrna,Tech Support,In person,0,,LimeSurvey 176,
,2026-05-25,,Monday,Smyrna,Tech Support,Remote,0,,LimeSurvey 176,
,2026-05-26,,Tuesday,Smyrna,D2L,In person,0,,LimeSurvey 176,
,2026-05-26,,Tuesday,Smyrna,D2L,Remote,0,,LimeSurvey 176,
,2026-05-26,,Tuesday,Smyrna,Directional,In person,5,,LimeSurvey 176,
,2026-05-26,,Tuesday,Smyrna,Directional,Remote,0,,LimeSurvey 176,
,2026-05-26,,Tuesday,Smyrna,General Ref,In person,2,,LimeSurvey 176,
,2026-05-26,,Tuesday,Smyrna,General Ref,Remote,0,,LimeSurvey 176,
,2026-05-26,,Tuesday,Smyrna,Library Search,In person,0,,LimeSurvey 176,
,2026-05-26,,Tuesday,Smyrna,Library Search,Remote,0,,LimeSurvey 176,
,2026-05-26,,Tuesday,Smyrna,Reference & Instruction,In person,0,,LimeSurvey 176,
,2026-05-26,,Tuesday,Smyrna,Reference & Instruction,Remote,0,,LimeSurvey 176,
,2026-05-26,,Tuesday,Smyrna,Tech Support,In person,1,,LimeSurvey 176,
,2026-05-26,,Tuesday,Smyrna,Tech Support,Remote,0,,LimeSurvey 176,
,2026-05-27,,Wednesday,Smyrna,D2L,In person,0,,LimeSurvey 176,
,2026-05-27,,Wednesday,Smyrna,D2L,Remote,0,,LimeSurvey 176,
,2026-05-27,,Wednesday,Smyrna,Directional,In person,1,,LimeSurvey 176,
,2026-05-27,,Wednesday,Smyrna,Directional,Remote,0,,LimeSurvey 176,
,2026-05-27,,Wednesday,Smyrna,General Ref,In person,2,,LimeSurvey 176,
,2026-05-27,,Wednesday,Smyrna,General Ref,Remote,0,,LimeSurvey 176,
,2026-05-27,,Wednesday,Smyrna,Library Search,In person,0,,LimeSurvey 176,
,2026-05-27,,Wednesday,Smyrna,Library Search,Remote,0,,LimeSurvey 176,
,2026-05-27,,Wednesday,Smyrna,Reference & Instruction,In person,0,,LimeSurvey 176,
,2026-05-27,,Wednesday,Smyrna,Reference & Instruction,Remote,0,,LimeSurvey 176,
,2026-05-27,,Wednesday,Smyrna,Tech Support,In person,0,,LimeSurvey 176,
,2026-05-27,,Wednesday,Smyrna,Tech Support,Remote,0,,LimeSurvey 176,
,2026-05-28,,Thursday,Smyrna,D2L,In person,0,,LimeSurvey 176,
,2026-05-28,,Thursday,Smyrna,D2L,Remote,0,,LimeSurvey 176,
,2026-05-28,,Thursday,Smyrna,Directional,In person,1,,LimeSurvey 176,
,2026-05-28,,Thursday,Smyrna,Directional,Remote,0,,LimeSurvey 176,
,2026-05-28,,Thursday,Smyrna,General Ref,In person,2,,LimeSurvey 176,
,2026-05-28,,Thursday,Smyrna,General Ref,Remote,2,,LimeSurvey 176,
,2026-05-28,,Thursday,Smyrna,Library Search,In person,0,,LimeSurvey 176,
,2026-05-28,,Thursday,Smyrna,Library Search,Remote,0,,LimeSurvey 176,
,2026-05-28,,Thursday,Smyrna,Reference & Instruction,In person,0,,LimeSurvey 176,
,2026-05-28,,Thursday,Smyrna,Reference & Instruction,Remote,0,,LimeSurvey 176,
,2026-05-28,,Thursday,Smyrna,Tech Support,In person,0,,LimeSurvey 176,
,2026-05-28,,Thursday,Smyrna,Tech Support,Remote,0,,LimeSurvey 176,
,2026-05-29,,Friday,Smyrna,D2L,In person,0,,LimeSurvey 176,
,2026-05-29,,Friday,Smyrna,D2L,Remote,0,,LimeSurvey 176,
,2026-05-29,,Friday,Smyrna,Directional,In person,2,,LimeSurvey 176,
,2026-05-29,,Friday,Smyrna,Directional,Remote,0,,LimeSurvey 176,
,2026-05-29,,Friday,Smyrna,General Ref,In person,0,,LimeSurvey 176,
,2026-05-29,,Friday,Smyrna,General Ref,Remote,0,,LimeSurvey 176,
,2026-05-29,,Friday,Smyrna,Library Search,In person,0,,LimeSurvey 176,
,2026-05-29,,Friday,Smyrna,Library Search,Remote,0,,LimeSurvey 176,
,2026-05-29,,Friday,Smyrna,Reference & Instruction,In person,0,,LimeSurvey 176,
,2026-05-29,,Friday,Smyrna,Reference & Instruction,Remote,0,,LimeSurvey 176,
,2026-05-29,,Friday,Smyrna,Tech Support,In person,0,,LimeSurvey 176,
,2026-05-29,,Friday,Smyrna,Tech Support,Remote,0,,LimeSurvey 176,
,2026-05-30,,Saturday,Smyrna,D2L,In person,0,,LimeSurvey 176,
,2026-05-30,,Saturday,Smyrna,D2L,Remote,0,,LimeSurvey 176,
,2026-05-30,,Saturday,Smyrna,Directional,In person,0,,LimeSurvey 176,
,2026-05-30,,Saturday,Smyrna,Directional,Remote,0,,LimeSurvey 176,
,2026-05-30,,Saturday,Smyrna,General Ref,In person,0,,LimeSurvey 176,
,2026-05-30,,Saturday,Smyrna,General Ref,Remote,0,,LimeSurvey 176,
,2026-05-30,,Saturday,Smyrna,Library Search,In person,0,,LimeSurvey 176,
,2026-05-30,,Saturday,Smyrna,Library Search,Remote,0,,LimeSurvey 176,
,2026-05-30,,Saturday,Smyrna,Reference & Instruction,In person,0,,LimeSurvey 176,
,2026-05-30,,Saturday,Smyrna,Reference & Instruction,Remote,0,,LimeSurvey 176,
,2026-05-30,,Saturday,Smyrna,Tech Support,In person,0,,LimeSurvey 176,
,2026-05-30,,Saturday,Smyrna,Tech Support,Remote,0,,LimeSurvey 176,
,2026-06-01,,Monday,Smyrna,Directional,In person,1,,LimeSurvey 178,
,2026-06-01,,Monday,Smyrna,General Ref,In person,1,,LimeSurvey 178,
,2026-06-02,,Tuesday,Smyrna,Directional,In person,1,,LimeSurvey 178,
,2026-06-02,,Tuesday,Smyrna,General Ref,In person,1,,LimeSurvey 178,
,2026-06-02,,Tuesday,Smyrna,General Ref,Remote,2,,LimeSurvey 178,
,2026-06-02,,Tuesday,Smyrna,Tech Support,In person,2,,LimeSurvey 178,
,2026-06-03,,Wednesday,Smyrna,Directional,In person,1,,LimeSurvey 178,
,2026-06-03,,Wednesday,Smyrna,General Ref,Remote,1,,LimeSurvey 178,
,2026-06-03,,Wednesday,Smyrna,Library Search,In person,2,,LimeSurvey 178,
,2026-06-03,,Wednesday,Smyrna,Tech Support,In person,3,,LimeSurvey 178,
,2026-06-04,,Thursday,Smyrna,General Ref,Remote,2,,LimeSurvey 178,
,2026-06-04,,Thursday,Smyrna,Tech Support,In person,1,,LimeSurvey 178,
,2026-06-05,,Friday,Smyrna,Directional,Remote,1,,LimeSurvey 178,
,2026-06-08,,Monday,Smyrna,D2L,In person,0,,LimeSurvey 181,
,2026-06-08,,Monday,Smyrna,D2L,Remote,0,,LimeSurvey 181,
,2026-06-08,,Monday,Smyrna,Directional,In person,4,,LimeSurvey 181,
,2026-06-08,,Monday,Smyrna,General Ref,In person,4,,LimeSurvey 181,
,2026-06-08,,Monday,Smyrna,General Ref,Remote,3,,LimeSurvey 181,
,2026-06-08,,Monday,Smyrna,Library Search,In person,1,,LimeSurvey 181,
,2026-06-08,,Monday,Smyrna,Tech Support,In person,4,,LimeSurvey 181,
,2026-06-09,,Tuesday,Smyrna,D2L,In person,0,,LimeSurvey 181,
,2026-06-09,,Tuesday,Smyrna,D2L,Remote,0,,LimeSurvey 181,
,2026-06-09,,Tuesday,Smyrna,Directional,In person,2,,LimeSurvey 181,
,2026-06-09,,Tuesday,Smyrna,General Ref,In person,1,,LimeSurvey 181,
,2026-06-09,,Tuesday,Smyrna,General Ref,Remote,1,,LimeSurvey 181,
,2026-06-09,,Tuesday,Smyrna,Library Search,In person,1,,LimeSurvey 181,
,2026-06-09,,Tuesday,Smyrna,Library Search,Remote,1,,LimeSurvey 181,
,2026-06-09,,Tuesday,Smyrna,Tech Support,In person,3,,LimeSurvey 181,
,2026-06-09,,Tuesday,Smyrna,Tech Support,Remote,1,,LimeSurvey 181,
,2026-06-10,,Wednesday,Smyrna,D2L,In person,0,,LimeSurvey 181,
,2026-06-10,,Wednesday,Smyrna,D2L,Remote,0,,LimeSurvey 181,
,2026-06-10,,Wednesday,Smyrna,Directional,In person,1,,LimeSurvey 181,
,2026-06-10,,Wednesday,Smyrna,General Ref,In person,1,,LimeSurvey 181,
,2026-06-10,,Wednesday,Smyrna,General Ref,Remote,2,,LimeSurvey 181,
,2026-06-10,,Wednesday,Smyrna,Library Search,Remote,1,,LimeSurvey 181,
,2026-06-10,,Wednesday,Smyrna,Tech Support,Remote,1,,LimeSurvey 181,
,2026-06-11,,Thursday,Smyrna,D2L,In person,0,,LimeSurvey 181,
,2026-06-11,,Thursday,Smyrna,D2L,Remote,0,,LimeSurvey 181,
,2026-06-11,,Thursday,Smyrna,General Ref,In person,1,,LimeSurvey 181,
,2026-06-11,,Thursday,Smyrna,General Ref,Remote,1,,LimeSurvey 181,
,2026-06-11,,Thursday,Smyrna,Tech Support,In person,1,,LimeSurvey 181,
,2026-06-12,,Friday,Smyrna,D2L,In person,0,,LimeSurvey 181,
,2026-06-12,,Friday,Smyrna,D2L,Remote,0,,LimeSurvey 181,
,2026-06-12,,Friday,Smyrna,Directional,In person,5,,LimeSurvey 181,
,2026-06-12,,Friday,Smyrna,General Ref,In person,1,,LimeSurvey 181,
,2026-06-12,,Friday,Smyrna,Tech Support,In person,1,,LimeSurvey 181,
,2026-06-15,,Monday,Smyrna,Directional,In person,6,,LimeSurvey 183,
,2026-06-15,,Monday,Smyrna,General Ref,Remote,2,,LimeSurvey 183,
,2026-06-15,,Monday,Smyrna,Tech Support,In person,2,,LimeSurvey 183,
,2026-06-16,,Tuesday,Smyrna,Directional,In person,3,,LimeSurvey 183,
,2026-06-16,,Tuesday,Smyrna,General Ref,In person,3,,LimeSurvey 183,
,2026-06-16,,Tuesday,Smyrna,Tech Support,In person,1,,LimeSurvey 183,
,2026-06-17,,Wednesday,Smyrna,General Ref,In person,2,,LimeSurvey 183,
,2026-06-17,,Wednesday,Smyrna,Library Search,In person,1,,LimeSurvey 183,
,2026-06-17,,Wednesday,Smyrna,Tech Support,In person,2,,LimeSurvey 183,
,2026-06-18,,Thursday,Smyrna,General Ref,In person,1,,LimeSurvey 183,
,2026-06-22,,Monday,Smyrna,Directional,In person,2,,LimeSurvey 189,
,2026-06-22,,Monday,Smyrna,General Ref,In person,1,,LimeSurvey 189,
,2026-06-22,,Monday,Smyrna,General Ref,Remote,2,,LimeSurvey 189,
,2026-06-23,,Tuesday,Smyrna,Directional,In person,1,,LimeSurvey 189,
,2026-06-23,,Tuesday,Smyrna,General Ref,In person,1,,LimeSurvey 189,
,2026-06-24,,Wednesday,Smyrna,Directional,In person,2,,LimeSurvey 189,
,2026-06-24,,Wednesday,Smyrna,General Ref,In person,2,,LimeSurvey 189,
,2026-06-24,,Wednesday,Smyrna,Library Search,In person,1,,LimeSurvey 189,
,2026-06-25,,Thursday,Smyrna,Directional,In person,3,,LimeSurvey 189,
,2026-06-25,,Thursday,Smyrna,General Ref,In person,3,,LimeSurvey 189,
,2026-06-25,,Thursday,Smyrna,Library Search,In person,1,,LimeSurvey 189,
,2026-06-29,,Monday,Smyrna,Directional,In person,1,,LimeSurvey 188,
,2026-06-30,,Tuesday,Smyrna,Directional,In person,2,,LimeSurvey 188,
,2026-06-30,,Tuesday,Smyrna,General Ref,In person,1,,LimeSurvey 188,
,2026-06-30,,Tuesday,Smyrna,Tech Support,In person,1,,LimeSurvey 188,
,2026-07-01,,Wednesday,Smyrna,Directional,In person,1,,LimeSurvey 188,
,2026-07-01,,Wednesday,Smyrna,General Ref,In person,1,,LimeSurvey 188,
,2026-07-01,,Wednesday,Smyrna,Tech Support,In person,2,,LimeSurvey 188,
,2026-07-02,,Thursday,Smyrna,Directional,In person,3,,LimeSurvey 188,
,2026-07-02,,Thursday,Smyrna,General Ref,In person,1,,LimeSurvey 188,
,2026-07-02,,Thursday,Smyrna,Tech Support,In person,2,,LimeSurvey 188,
,2026-07-06,,Monday,Smyrna,Directional,In person,1,,LimeSurvey 192,
,2026-07-06,,Monday,Smyrna,General Ref,Remote,1,,LimeSurvey 192,
,2026-07-06,,Monday,Smyrna,Tech Support,In person,2,,LimeSurvey 192,
,2026-07-07,,Tuesday,Smyrna,Tech Support,In person,2,,LimeSurvey 192,
,2026-07-08,,Wednesday,Smyrna,Directional,In person,1,,LimeSurvey 192,
,2026-07-08,,Wednesday,Smyrna,General Ref,In person,1,,LimeSurvey 192,
,2026-07-08,,Wednesday,Smyrna,Tech Support,Remote,1,,LimeSurvey 192,
,2026-07-09,,Thursday,Smyrna,Directional,In person,2,,LimeSurvey 192,
,2026-07-09,,Thursday,Smyrna,General Ref,In person,3,,LimeSurvey 192,
,2026-07-09,,Thursday,Smyrna,General Ref,Remote,1,,LimeSurvey 192,
,2026-07-09,,Thursday,Smyrna,Tech Support,In person,1,,LimeSurvey 192,
,2026-07-09,,Thursday,Smyrna,Tech Support,Remote,1,,LimeSurvey 192,
,2026-07-10,,Friday,Smyrna,General Ref,Remote,1,,LimeSurvey 192,
,2026-07-13,,Monday,Smyrna,Directional,In person,2,,LimeSurvey 196,
,2026-07-13,,Monday,Smyrna,General Ref,In person,4,,LimeSurvey 196,
,2026-07-14,,Tuesday,Smyrna,Tech Support,In person,1,,LimeSurvey 196,
,2026-07-15,,Wednesday,Smyrna,Directional,In person,2,,LimeSurvey 196,
,2026-07-15,,Wednesday,Smyrna,General Ref,In person,1,,LimeSurvey 196,
,2026-07-15,,Wednesday,Smyrna,Library Search,In person,1,,LimeSurvey 196,
,2026-07-15,,Wednesday,Smyrna,Tech Support,In person,1,,LimeSurvey 196,
,2026-07-16,,Thursday,Smyrna,Directional,In person,4,,LimeSurvey 196,
,2026-07-16,,Thursday,Smyrna,General Ref,In person,1,,LimeSurvey 196,
,2026-07-16,,Thursday,Smyrna,General Ref,Remote,1,,LimeSurvey 196,
,2026-07-16,,Thursday,Smyrna,Tech Support,In person,3,,LimeSurvey 196,
,2026-07-17,,Friday,Smyrna,Directional,In person,4,,LimeSurvey 196,
,2026-07-17,,Friday,Smyrna,General Ref,In person,2,,LimeSurvey 196,
,2026-07-17,,Friday,Smyrna,Library Search,Remote,1,,LimeSurvey 196,
,2026-07-17,,Friday,Smyrna,Tech Support,In person,1,,LimeSurvey 196,
,2026-07-20,,Monday,Smyrna,Directional,In person,1,,LimeSurvey 198,
,2026-07-20,,Monday,Smyrna,General Ref,In person,1,,LimeSurvey 198,
,2026-07-20,,Monday,Smyrna,General Ref,Remote,2,,LimeSurvey 198,
,2026-07-20,,Monday,Smyrna,Tech Support,In person,1,,LimeSurvey 198,
,2026-07-21,,Tuesday,Smyrna,Directional,In person,4,,LimeSurvey 198,
,2026-07-21,,Tuesday,Smyrna,General Ref,In person,2,,LimeSurvey 198,
,2026-07-21,,Tuesday,Smyrna,General Ref,Remote,1,,LimeSurvey 198,
,2026-07-22,,Wednesday,Smyrna,Directional,In person,4,,LimeSurvey 198,
,2026-07-22,,Wednesday,Smyrna,General Ref,In person,1,,LimeSurvey 198,
,2026-07-22,,Wednesday,Smyrna,General Ref,Remote,1,,LimeSurvey 198,
,2026-07-22,,Wednesday,Smyrna,Tech Support,Remote,3,,LimeSurvey 198,
,2026-07-23,,Thursday,Smyrna,Directional,In person,1,,LimeSurvey 198,
,2026-07-24,,Friday,Smyrna,Directional,In person,1,,LimeSurvey 198,
,2026-07-27,,Monday,Smyrna,Directional,In person,1,,LimeSurvey 199,
,2026-07-27,,Monday,Smyrna,General Ref,In person,2,,LimeSurvey 199,
,2026-07-27,,Monday,Smyrna,General Ref,Remote,1,,LimeSurvey 199,
,2026-07-27,,Monday,Smyrna,Tech Support,In person,2,,LimeSurvey 199,
,2026-07-28,,Tuesday,Smyrna,Directional,In person,1,,LimeSurvey 199,
,2026-07-28,,Tuesday,Smyrna,Tech Support,In person,3,,LimeSurvey 199,
,2026-07-29,,Wednesday,Smyrna,General Ref,In person,5,,LimeSurvey 199,
,2026-07-29,,Wednesday,Smyrna,Tech Support,In person,3,,LimeSurvey 199,
,2026-07-29,,Wednesday,Smyrna,Tech Support,Remote,1,,LimeSurvey 199,
,2026-07-30,,Thursday,Smyrna,Directional,In person,5,,LimeSurvey 199,
,2026-07-30,,Thursday,Smyrna,General Ref,In person,2,,LimeSurvey 199,
,2026-07-30,,Thursday,Smyrna,General Ref,Remote,1,,LimeSurvey 199,
,2026-07-30,,Thursday,Smyrna,Tech Support,In person,2,,LimeSurvey 199,
,2026-07-31,,Friday,Smyrna,Directional,In person,6,,LimeSurvey 199,
,2026-07-31,,Friday,Smyrna,General Ref,In person,3,,LimeSurvey 199,
,2026-07-31,,Friday,Smyrna,Tech Support,In person,2,,LimeSurvey 199,
,2026-08-10,,Monday,Smyrna,Directional,In person,2,,LimeSurvey 205,
,2026-08-10,,Monday,Smyrna,Tech Support,In person,1,,LimeSurvey 205,
,2026-08-11,,Tuesday,Smyrna,Directional,In person,8,,LimeSurvey 205,
,2026-08-11,,Tuesday,Smyrna,General Ref,In person,8,,LimeSurvey 205,
,2026-08-11,,Tuesday,Smyrna,Tech Support,In person,2,,LimeSurvey 205,
,2026-08-12,,Wednesday,Smyrna,Directional,In person,3,,LimeSurvey 205,
,2026-08-12,,Wednesday,Smyrna,General Ref,In person,2,,LimeSurvey 205,
,2026-08-12,,Wednesday,Smyrna,Library Search,In person,3,,LimeSurvey 205,
,2026-08-12,,Wednesday,Smyrna,Tech Support,In person,3,,LimeSurvey 205,
,2026-08-13,,Thursday,Smyrna,Directional,In person,2,,LimeSurvey 205,
,2026-08-13,,Thursday,Smyrna,General Ref,In person,1,,LimeSurvey 205,
,2026-08-14,,Friday,Smyrna,Directional,In person,3,,LimeSurvey 205,
,2026-08-14,,Friday,Smyrna,General Ref,In person,4,,LimeSurvey 205,
,2026-08-14,,Friday,Smyrna,General Ref,Remote,1,,LimeSurvey 205,
,2026-08-18,,Tuesday,Smyrna,Directional,In person,6,,LimeSurvey 207,
,2026-08-18,,Tuesday,Smyrna,General Ref,In person,3,,LimeSurvey 207,
,2026-08-18,,Tuesday,Smyrna,General Ref,Remote,3,,LimeSurvey 207,
,2026-08-19,,Wednesday,Smyrna,Directional,In person,10,,LimeSurvey 207,
,2026-08-19,,Wednesday,Smyrna,General Ref,In person,5,,LimeSurvey 207,
,2026-08-19,,Wednesday,Smyrna,General Ref,Remote,1,,LimeSurvey 207,
,2026-08-19,,Wednesday,Smyrna,Library Search,Remote,1,,LimeSurvey 207,
,2026-08-20,,Thursday,Smyrna,Directional,In person,10,,LimeSurvey 207,
,2026-08-20,,Thursday,Smyrna,General Ref,In person,7,,LimeSurvey 207,
,2026-08-20,,Thursday,Smyrna,General Ref,Remote,4,,LimeSurvey 207,
,2026-08-20,,Thursday,Smyrna,Library Search,In person,1,,LimeSurvey 207,
,2026-08-20,,Thursday,Smyrna,Tech Support,In person,3,,LimeSurvey 207,
,2026-08-21,,Friday,Smyrna,Directional,In person,12,,LimeSurvey 207,
,2026-08-21,,Friday,Smyrna,General Ref,In person,10,,LimeSurvey 207,
,2026-08-21,,Friday,Smyrna,General Ref,Remote,1,,LimeSurvey 207,
,2026-08-21,,Friday,Smyrna,Library Search,In person,2,,LimeSurvey 207,
,2026-08-21,,Friday,Smyrna,Tech Support,In person,1,,LimeSurvey 207,
,2026-08-24,,Monday,Smyrna,Directional,In person,34,,LimeSurvey 210,
,2026-08-24,,Monday,Smyrna,General Ref,In person,25,,LimeSurvey 210,
,2026-08-24,,Monday,Smyrna,General Ref,Remote,2,,LimeSurvey 210,
,2026-08-24,,Monday,Smyrna,Library Search,In person,4,,LimeSurvey 210,
,2026-08-24,,Monday,Smyrna,Tech Support,In person,15,,LimeSurvey 210,
,2026-08-25,,Tuesday,Smyrna,Directional,In person,22,,LimeSurvey 210,
,2026-08-25,,Tuesday,Smyrna,General Ref,In person,12,,LimeSurvey 210,
,2026-08-25,,Tuesday,Smyrna,General Ref,Remote,3,,LimeSurvey 210,
,2026-08-25,,Tuesday,Smyrna,Library Search,In person,2,,LimeSurvey 210,
,2026-08-25,,Tuesday,Smyrna,Tech Support,In person,7,,LimeSurvey 210,
,2026-08-26,,Wednesday,Smyrna,Directional,In person,22,,LimeSurvey 210,
,2026-08-26,,Wednesday,Smyrna,General Ref,In person,10,,LimeSurvey 210,
,2026-08-26,,Wednesday,Smyrna,General Ref,Remote,1,,LimeSurvey 210,
,2026-08-26,,Wednesday,Smyrna,Library Search,In person,1,,LimeSurvey 210,
,2026-08-26,,Wednesday,Smyrna,Reference & Instruction,In person,2,,LimeSurvey 210,
,2026-08-26,,Wednesday,Smyrna,Tech Support,In person,6,,LimeSurvey 210,
,2026-08-27,,Thursday,Smyrna,Directional,In person,8,,LimeSurvey 210,
,2026-08-27,,Thursday,Smyrna,General Ref,In person,11,,LimeSurvey 210,
,2026-08-27,,Thursday,Smyrna,General Ref,Remote,3,,LimeSurvey 210,
,2026-08-27,,Thursday,Smyrna,Library Search,In person,2,,LimeSurvey 210,
,2026-08-27,,Thursday,Smyrna,Tech Support,In person,12,,LimeSurvey 210,
,2026-08-27,,Thursday,Smyrna,Tech Support,Remote,2,,LimeSurvey 210,
,2026-08-28,,Friday,Smyrna,D2L,Remote,1,,LimeSurvey 210,
,2026-08-28,,Friday,Smyrna,Directional,In person,4,,LimeSurvey 210,
,2026-08-28,,Friday,Smyrna,General Ref,In person,3,,LimeSurvey 210,
,2026-08-28,,Friday,Smyrna,General Ref,Remote,3,,LimeSurvey 210,
,2026-08-28,,Friday,Smyrna,Library Search,In person,1,,LimeSurvey 210,
,2026-08-28,,Friday,Smyrna,Tech Support,In person,3,,LimeSurvey 210,
,2026-08-28,,Friday,Smyrna,Tech Support,Remote,3,,LimeSurvey 210,
,2026-08-31,,Monday,Smyrna,Directional,In person,16,,LimeSurvey 213,
,2026-08-31,,Monday,Smyrna,General Ref,In person,10,,LimeSurvey 213,
,2026-08-31,,Monday,Smyrna,Tech Support,In person,2,,LimeSurvey 213,
,2026-09-01,,Tuesday,Smyrna,Directional,In person,22,,LimeSurvey 213,
,2026-09-01,,Tuesday,Smyrna,General Ref,In person,9,,LimeSurvey 213,
,2026-09-01,,Tuesday,Smyrna,General Ref,Remote,1,,LimeSurvey 213,
,2026-09-01,,Tuesday,Smyrna,Library Search,In person,2,,LimeSurvey 213,
,2026-09-01,,Tuesday,Smyrna,Tech Support,In person,5,,LimeSurvey 213,
,2026-09-02,,Wednesday,Smyrna,Directional,In person,7,,LimeSurvey 213,
,2026-09-02,,Wednesday,Smyrna,General Ref,In person,9,,LimeSurvey 213,
,2026-09-02,,Wednesday,Smyrna,Tech Support,In person,5,,LimeSurvey 213,
,2026-09-03,,Thursday,Smyrna,D2L,In person,1,,LimeSurvey 213,
,2026-09-03,,Thursday,Smyrna,Directional,In person,5,,LimeSurvey 213,
,2026-09-03,,Thursday,Smyrna,General Ref,In person,8,,LimeSurvey 213,
,2026-09-03,,Thursday,Smyrna,Library Search,In person,1,,LimeSurvey 213,
,2026-09-03,,Thursday,Smyrna,Tech Support,In person,5,,LimeSurvey 213,
,2026-09-04,,Friday,Smyrna,Directional,In person,9,,LimeSurvey 213,
,2026-09-04,,Friday,Smyrna,General Ref,In person,5,,LimeSurvey 213,
,2026-09-04,,Friday,Smyrna,General Ref,Remote,1,,LimeSurvey 213,
,2026-09-04,,Friday,Smyrna,Tech Support,In person,2,,LimeSurvey 213,
