Date,Campus,Block,Count,Recorded by,Source,When entered
2025-09-22,Fayetteville,7:30 AM - Noon,49,,LimeSurvey 81,
2025-09-22,Fayetteville,Noon - 4:30 PM,9,,LimeSurvey 81,
2025-09-23,Fayetteville,7:30 AM - Noon,24,,LimeSurvey 81,
2025-09-23,Fayetteville,Noon - 4:30 PM,14,,LimeSurvey 81,
2025-09-24,Fayetteville,7:30 AM - Noon,22,,LimeSurvey 81,
2025-09-24,Fayetteville,Noon - 4:30 PM,28,,LimeSurvey 81,
2025-09-25,Fayetteville,7:30 AM - Noon,17,,LimeSurvey 81,
2025-09-25,Fayetteville,Noon - 4:30 PM,15,,LimeSurvey 81,
2025-09-26,Fayetteville,Noon - 4:30 PM,17,,LimeSurvey 81,
2025-09-29,Fayetteville,7:30 AM - Noon,13,,LimeSurvey 76,
2025-09-29,Fayetteville,Noon - 4:30 PM,24,,LimeSurvey 76,
2025-09-30,Fayetteville,7:30 AM - Noon,29,,LimeSurvey 76,
2025-09-30,Fayetteville,Noon - 4:30 PM,22,,LimeSurvey 76,
2025-10-01,Fayetteville,7:30 AM - Noon,24,,LimeSurvey 76,
2025-10-01,Fayetteville,Noon - 4:30 PM,13,,LimeSurvey 76,
2025-10-02,Fayetteville,7:30 AM - Noon,26,,LimeSurvey 76,
2025-10-02,Fayetteville,Noon - 4:30 PM,26,,LimeSurvey 76,
2025-10-03,Fayetteville,Noon - 4:30 PM,22,,LimeSurvey 76,
2025-10-06,Fayetteville,7:30 AM - Noon,19,,LimeSurvey 71,
2025-10-06,Fayetteville,Noon - 4:30 PM,16,,LimeSurvey 71,
2025-10-07,Fayetteville,7:30 AM - Noon,32,,LimeSurvey 71,
2025-10-07,Fayetteville,Noon - 4:30 PM,23,,LimeSurvey 71,
2025-10-08,Fayetteville,7:30 AM - Noon,33,,LimeSurvey 71,
2025-10-08,Fayetteville,Noon - 4:30 PM,19,,LimeSurvey 71,
2025-10-09,Fayetteville,7:30 AM - Noon,17,,LimeSurvey 71,
2025-10-09,Fayetteville,Noon - 4:30 PM,15,,LimeSurvey 71,
2025-10-10,Fayetteville,Noon - 4:30 PM,15,,LimeSurvey 71,
2025-10-13,Fayetteville,7:30 AM - Noon,39,,LimeSurvey 60,
2025-10-13,Fayetteville,Noon - 4:30 PM,28,,LimeSurvey 60,
2025-10-14,Fayetteville,7:30 AM - Noon,23,,LimeSurvey 60,
2025-10-14,Fayetteville,Noon - 4:30 PM,13,,LimeSurvey 60,
2025-10-15,Fayetteville,7:30 AM - Noon,28,,LimeSurvey 60,
2025-10-15,Fayetteville,Noon - 4:30 PM,35,,LimeSurvey 60,
2025-10-16,Fayetteville,7:30 AM - Noon,18,,LimeSurvey 60,
2025-10-16,Fayetteville,Noon - 4:30 PM,25,,LimeSurvey 60,
2025-10-17,Fayetteville,7:30 AM - Noon,108,,LimeSurvey 60,
2025-10-17,Fayetteville,Noon - 4:30 PM,8,,LimeSurvey 60,
2025-10-20,Fayetteville,7:30 AM - Noon,32,,LimeSurvey 45,
2025-10-20,Fayetteville,Noon - 4:30 PM,15,,LimeSurvey 45,
2025-10-21,Fayetteville,7:30 AM - Noon,21,,LimeSurvey 45,
2025-10-21,Fayetteville,Noon - 4:30 PM,14,,LimeSurvey 45,
2025-10-22,Fayetteville,7:30 AM - Noon,20,,LimeSurvey 45,
2025-10-22,Fayetteville,Noon - 4:30 PM,10,,LimeSurvey 45,
2025-10-23,Fayetteville,7:30 AM - Noon,18,,LimeSurvey 45,
2025-10-23,Fayetteville,Noon - 4:30 PM,20,,LimeSurvey 45,
2025-10-24,Fayetteville,7:30 AM - Noon,13,,LimeSurvey 45,
2025-10-24,Fayetteville,Noon - 4:30 PM,10,,LimeSurvey 45,
2025-10-27,Fayetteville,7:30 AM - Noon,48,,LimeSurvey 107,
2025-10-27,Fayetteville,Noon - 4:30 PM,18,,LimeSurvey 107,
2025-10-28,Fayetteville,7:30 AM - Noon,14,,LimeSurvey 107,
2025-10-28,Fayetteville,Noon - 4:30 PM,16,,LimeSurvey 107,
2025-10-29,Fayetteville,7:30 AM - Noon,20,,LimeSurvey 107,
2025-10-29,Fayetteville,Noon - 4:30 PM,9,,LimeSurvey 107,
2025-10-30,Fayetteville,7:30 AM - Noon,12,,LimeSurvey 107,
2025-10-30,Fayetteville,Noon - 4:30 PM,28,,LimeSurvey 107,
2025-10-31,Fayetteville,7:30 AM - Noon,4,,LimeSurvey 107,
2025-10-31,Fayetteville,Noon - 4:30 PM,10,,LimeSurvey 107,
2025-11-03,Fayetteville,7:30 AM - Noon,19,,LimeSurvey 103,
2025-11-03,Fayetteville,Noon - 4:30 PM,10,,LimeSurvey 103,
2025-11-04,Fayetteville,7:30 AM - Noon,16,,LimeSurvey 103,
2025-11-04,Fayetteville,Noon - 4:30 PM,11,,LimeSurvey 103,
2025-11-05,Fayetteville,7:30 AM - Noon,24,,LimeSurvey 103,
2025-11-05,Fayetteville,Noon - 4:30 PM,12,,LimeSurvey 103,
2025-11-06,Fayetteville,7:30 AM - Noon,27,,LimeSurvey 103,
2025-11-06,Fayetteville,Noon - 4:30 PM,21,,LimeSurvey 103,
2025-11-07,Fayetteville,7:30 AM - Noon,20,,LimeSurvey 103,
2025-11-10,Fayetteville,7:30 AM - Noon,23,,LimeSurvey 98,
2025-11-10,Fayetteville,Noon - 4:30 PM,18,,LimeSurvey 98,
2025-11-11,Fayetteville,7:30 AM - Noon,16,,LimeSurvey 98,
2025-11-11,Fayetteville,Noon - 4:30 PM,15,,LimeSurvey 98,
2025-11-12,Fayetteville,7:30 AM - Noon,15,,LimeSurvey 98,
2025-11-12,Fayetteville,Noon - 4:30 PM,11,,LimeSurvey 98,
2025-11-13,Fayetteville,7:30 AM - Noon,29,,LimeSurvey 98,
2025-11-13,Fayetteville,Noon - 4:30 PM,22,,LimeSurvey 98,
2025-11-14,Fayetteville,7:30 AM - Noon,10,,LimeSurvey 98,
2025-11-14,Fayetteville,Noon - 4:30 PM,7,,LimeSurvey 98,
2025-11-17,Fayetteville,7:30 AM - Noon,23,,LimeSurvey 95,
2025-11-17,Fayetteville,Noon - 4:30 PM,15,,LimeSurvey 95,
2025-11-18,Fayetteville,7:30 AM - Noon,19,,LimeSurvey 95,
2025-11-18,Fayetteville,Noon - 4:30 PM,12,,LimeSurvey 95,
2025-11-19,Fayetteville,7:30 AM - Noon,35,,LimeSurvey 95,
2025-11-19,Fayetteville,Noon - 4:30 PM,11,,LimeSurvey 95,
2025-11-20,Fayetteville,7:30 AM - Noon,33,,LimeSurvey 95,
2025-11-20,Fayetteville,Noon - 4:30 PM,50,,LimeSurvey 95,
2025-11-21,Fayetteville,Noon - 4:30 PM,17,,LimeSurvey 95,
2025-11-24,Fayetteville,7:30 AM - Noon,40,,LimeSurvey 67,
2025-11-24,Fayetteville,Noon - 4:30 PM,20,,LimeSurvey 67,
2025-11-25,Fayetteville,7:30 AM - Noon,17,,LimeSurvey 67,
2025-11-25,Fayetteville,Noon - 4:30 PM,22,,LimeSurvey 67,
2025-11-26,Fayetteville,7:30 AM - Noon,15,,LimeSurvey 67,
2025-12-01,Fayetteville,7:30 AM - Noon,40,,LimeSurvey 64,
2025-12-01,Fayetteville,Noon - 4:30 PM,24,,LimeSurvey 64,
2025-12-02,Fayetteville,7:30 AM - Noon,29,,LimeSurvey 64,
2025-12-02,Fayetteville,Noon - 4:30 PM,18,,LimeSurvey 64,
2025-12-03,Fayetteville,7:30 AM - Noon,18,,LimeSurvey 64,
2025-12-03,Fayetteville,Noon - 4:30 PM,15,,LimeSurvey 64,
2025-12-04,Fayetteville,7:30 AM - Noon,28,,LimeSurvey 64,
2025-12-04,Fayetteville,Noon - 4:30 PM,21,,LimeSurvey 64,
2025-12-05,Fayetteville,7:30 AM - Noon,10,,LimeSurvey 64,
2025-12-08,Fayetteville,7:30 AM - Noon,65,,LimeSurvey 55,
2025-12-08,Fayetteville,Noon - 4:30 PM,16,,LimeSurvey 55,
2025-12-09,Fayetteville,7:30 AM - Noon,14,,LimeSurvey 55,
2025-12-09,Fayetteville,Noon - 4:30 PM,14,,LimeSurvey 55,
2025-12-10,Fayetteville,7:30 AM - Noon,6,,LimeSurvey 55,
2025-12-10,Fayetteville,Noon - 4:30 PM,10,,LimeSurvey 55,
2025-12-11,Fayetteville,7:30 AM - Noon,12,,LimeSurvey 55,
2025-12-11,Fayetteville,Noon - 4:30 PM,18,,LimeSurvey 55,
2025-12-12,Fayetteville,7:30 AM - Noon,24,,LimeSurvey 55,
2025-12-16,Fayetteville,7:30 AM - Noon,6,,LimeSurvey 50,
2025-12-16,Fayetteville,Noon - 4:30 PM,9,,LimeSurvey 50,
2025-12-17,Fayetteville,7:30 AM - Noon,5,,LimeSurvey 50,
2025-12-17,Fayetteville,Noon - 4:30 PM,4,,LimeSurvey 50,
2026-01-07,Fayetteville,7:30 AM - Noon,3,,LimeSurvey 91,
2026-01-07,Fayetteville,Noon - 4:30 PM,10,,LimeSurvey 91,
2026-01-08,Fayetteville,7:30 AM - Noon,8,,LimeSurvey 91,
2026-01-08,Fayetteville,Noon - 4:30 PM,4,,LimeSurvey 91,
2026-01-09,Fayetteville,7:30 AM - Noon,13,,LimeSurvey 91,
2026-01-09,Fayetteville,Noon - 4:30 PM,3,,LimeSurvey 91,
2026-01-12,Fayetteville,7:30 AM - Noon,14,,LimeSurvey 87,
2026-01-12,Fayetteville,Noon - 4:30 PM,13,,LimeSurvey 87,
2026-01-13,Fayetteville,7:30 AM - Noon,14,,LimeSurvey 87,
2026-01-13,Fayetteville,Noon - 4:30 PM,8,,LimeSurvey 87,
2026-01-14,Fayetteville,7:30 AM - Noon,7,,LimeSurvey 87,
2026-01-14,Fayetteville,Noon - 4:30 PM,6,,LimeSurvey 87,
2026-01-15,Fayetteville,7:30 AM - Noon,20,,LimeSurvey 87,
2026-01-15,Fayetteville,Noon - 4:30 PM,9,,LimeSurvey 87,
2026-01-16,Fayetteville,Noon - 4:30 PM,13,,LimeSurvey 87,
2026-02-02,Fayetteville,7:30 AM - Noon,28,,LimeSurvey 112,
2026-02-02,Fayetteville,Noon - 4:30 PM,18,,LimeSurvey 112,
2026-02-03,Fayetteville,7:30 AM - Noon,18,,LimeSurvey 112,
2026-02-03,Fayetteville,Noon - 4:30 PM,6,,LimeSurvey 112,
2026-02-04,Fayetteville,7:30 AM - Noon,17,,LimeSurvey 112,
2026-02-04,Fayetteville,Noon - 4:30 PM,25,,LimeSurvey 112,
2026-02-05,Fayetteville,7:30 AM - Noon,16,,LimeSurvey 112,
2026-02-05,Fayetteville,Noon - 4:30 PM,15,,LimeSurvey 112,
2026-02-06,Fayetteville,Noon - 4:30 PM,13,,LimeSurvey 112,
2026-02-09,Fayetteville,7:30 AM - Noon,16,,LimeSurvey 115,
2026-02-09,Fayetteville,Noon - 4:30 PM,11,,LimeSurvey 115,
2026-02-10,Fayetteville,7:30 AM - Noon,14,,LimeSurvey 115,
2026-02-10,Fayetteville,Noon - 4:30 PM,21,,LimeSurvey 115,
2026-02-11,Fayetteville,7:30 AM - Noon,21,,LimeSurvey 115,
2026-02-11,Fayetteville,Noon - 4:30 PM,21,,LimeSurvey 115,
2026-02-12,Fayetteville,7:30 AM - Noon,20,,LimeSurvey 115,
2026-02-12,Fayetteville,Noon - 4:30 PM,26,,LimeSurvey 115,
2026-02-13,Fayetteville,Noon - 4:30 PM,19,,LimeSurvey 115,
2026-02-16,Fayetteville,7:30 AM - Noon,23,,LimeSurvey 118,
2026-02-16,Fayetteville,Noon - 4:30 PM,21,,LimeSurvey 118,
2026-02-17,Fayetteville,7:30 AM - Noon,13,,LimeSurvey 118,
2026-02-17,Fayetteville,Noon - 4:30 PM,15,,LimeSurvey 118,
2026-02-18,Fayetteville,7:30 AM - Noon,18,,LimeSurvey 118,
2026-02-18,Fayetteville,Noon - 4:30 PM,8,,LimeSurvey 118,
2026-02-19,Fayetteville,7:30 AM - Noon,8,,LimeSurvey 118,
2026-02-19,Fayetteville,Noon - 4:30 PM,16,,LimeSurvey 118,
2026-02-20,Fayetteville,7:30 AM - Noon,18,,LimeSurvey 118,
2026-02-20,Fayetteville,Noon - 4:30 PM,6,,LimeSurvey 118,
2026-02-23,Fayetteville,7:30 AM - Noon,25,,LimeSurvey 120,
2026-02-23,Fayetteville,Noon - 4:30 PM,17,,LimeSurvey 120,
2026-02-24,Fayetteville,7:30 AM - Noon,20,,LimeSurvey 120,
2026-02-24,Fayetteville,Noon - 4:30 PM,10,,LimeSurvey 120,
2026-02-25,Fayetteville,7:30 AM - Noon,10,,LimeSurvey 120,
2026-02-25,Fayetteville,Noon - 4:30 PM,25,,LimeSurvey 120,
2026-02-26,Fayetteville,7:30 AM - Noon,25,,LimeSurvey 120,
2026-02-26,Fayetteville,Noon - 4:30 PM,10,,LimeSurvey 120,
2026-02-27,Fayetteville,Noon - 4:30 PM,9,,LimeSurvey 120,
2026-03-02,Fayetteville,7:30 AM - Noon,25,,LimeSurvey 128,
2026-03-02,Fayetteville,Noon - 4:30 PM,12,,LimeSurvey 128,
2026-03-03,Fayetteville,7:30 AM - Noon,18,,LimeSurvey 128,
2026-03-03,Fayetteville,Noon - 4:30 PM,16,,LimeSurvey 128,
2026-03-04,Fayetteville,7:30 AM - Noon,15,,LimeSurvey 128,
2026-03-04,Fayetteville,Noon - 4:30 PM,10,,LimeSurvey 128,
2026-03-05,Fayetteville,7:30 AM - Noon,21,,LimeSurvey 128,
2026-03-05,Fayetteville,Noon - 4:30 PM,20,,LimeSurvey 128,
2026-03-06,Fayetteville,Noon - 4:30 PM,9,,LimeSurvey 128,
2026-03-09,Fayetteville,7:30 AM - Noon,3,,LimeSurvey 130,
2026-03-09,Fayetteville,Noon - 4:30 PM,3,,LimeSurvey 130,
2026-03-10,Fayetteville,7:30 AM - Noon,7,,LimeSurvey 130,
2026-03-10,Fayetteville,Noon - 4:30 PM,6,,LimeSurvey 130,
2026-03-11,Fayetteville,7:30 AM - Noon,6,,LimeSurvey 130,
2026-03-11,Fayetteville,Noon - 4:30 PM,6,,LimeSurvey 130,
2026-03-12,Fayetteville,7:30 AM - Noon,9,,LimeSurvey 130,
2026-03-12,Fayetteville,Noon - 4:30 PM,4,,LimeSurvey 130,
2026-03-13,Fayetteville,Noon - 4:30 PM,7,,LimeSurvey 130,
2026-03-16,Fayetteville,Noon - 4:30 PM,27,,LimeSurvey 136,
2026-03-17,Fayetteville,7:30 AM - Noon,20,,LimeSurvey 136,
2026-03-17,Fayetteville,Noon - 4:30 PM,52,,LimeSurvey 136,
2026-03-18,Fayetteville,7:30 AM - Noon,22,,LimeSurvey 136,
2026-03-18,Fayetteville,Noon - 4:30 PM,18,,LimeSurvey 136,
2026-03-19,Fayetteville,7:30 AM - Noon,16,,LimeSurvey 136,
2026-03-19,Fayetteville,Noon - 4:30 PM,40,,LimeSurvey 136,
2026-03-20,Fayetteville,Noon - 4:30 PM,13,,LimeSurvey 136,
2026-03-23,Fayetteville,7:30 AM - Noon,18,,LimeSurvey 142,
2026-03-23,Fayetteville,Noon - 4:30 PM,6,,LimeSurvey 142,
2026-03-24,Fayetteville,7:30 AM - Noon,50,,LimeSurvey 142,
2026-03-24,Fayetteville,Noon - 4:30 PM,6,,LimeSurvey 142,
2026-03-25,Fayetteville,7:30 AM - Noon,33,,LimeSurvey 142,
2026-03-25,Fayetteville,Noon - 4:30 PM,16,,LimeSurvey 142,
2026-03-26,Fayetteville,7:30 AM - Noon,8,,LimeSurvey 142,
2026-03-26,Fayetteville,Noon - 4:30 PM,8,,LimeSurvey 142,
2026-03-27,Fayetteville,Noon - 4:30 PM,6,,LimeSurvey 142,
2026-03-30,Fayetteville,7:30 AM - Noon,25,,LimeSurvey 144,
2026-03-30,Fayetteville,Noon - 4:30 PM,10,,LimeSurvey 144,
2026-03-31,Fayetteville,7:30 AM - Noon,21,,LimeSurvey 144,
2026-03-31,Fayetteville,Noon - 4:30 PM,10,,LimeSurvey 144,
2026-04-01,Fayetteville,7:30 AM - Noon,19,,LimeSurvey 144,
2026-04-01,Fayetteville,Noon - 4:30 PM,12,,LimeSurvey 144,
2026-04-02,Fayetteville,7:30 AM - Noon,11,,LimeSurvey 144,
2026-04-02,Fayetteville,Noon - 4:30 PM,18,,LimeSurvey 144,
2026-04-03,Fayetteville,Noon - 4:30 PM,9,,LimeSurvey 144,
2026-04-06,Fayetteville,7:30 AM - Noon,12,,LimeSurvey 148,
2026-04-06,Fayetteville,Noon - 4:30 PM,13,,LimeSurvey 148,
2026-04-07,Fayetteville,7:30 AM - Noon,17,,LimeSurvey 148,
2026-04-07,Fayetteville,Noon - 4:30 PM,19,,LimeSurvey 148,
2026-04-08,Fayetteville,7:30 AM - Noon,11,,LimeSurvey 148,
2026-04-08,Fayetteville,Noon - 4:30 PM,10,,LimeSurvey 148,
2026-04-09,Fayetteville,7:30 AM - Noon,5,,LimeSurvey 148,
2026-04-09,Fayetteville,Noon - 4:30 PM,16,,LimeSurvey 148,
2026-04-10,Fayetteville,7:30 AM - Noon,7,,LimeSurvey 148,
2026-04-13,Fayetteville,7:30 AM - Noon,18,,LimeSurvey 152,
2026-04-13,Fayetteville,Noon - 4:30 PM,26,,LimeSurvey 152,
2026-04-14,Fayetteville,7:30 AM - Noon,17,,LimeSurvey 152,
2026-04-14,Fayetteville,Noon - 4:30 PM,13,,LimeSurvey 152,
2026-04-15,Fayetteville,7:30 AM - Noon,21,,LimeSurvey 152,
2026-04-15,Fayetteville,Noon - 4:30 PM,11,,LimeSurvey 152,
2026-04-16,Fayetteville,7:30 AM - Noon,3,,LimeSurvey 152,
2026-04-16,Fayetteville,Noon - 4:30 PM,15,,LimeSurvey 152,
2026-04-20,Fayetteville,7:30 AM - Noon,23,,LimeSurvey 154,
2026-04-20,Fayetteville,Noon - 4:30 PM,11,,LimeSurvey 154,
2026-04-21,Fayetteville,7:30 AM - Noon,16,,LimeSurvey 154,
2026-04-21,Fayetteville,Noon - 4:30 PM,22,,LimeSurvey 154,
2026-04-22,Fayetteville,7:30 AM - Noon,18,,LimeSurvey 154,
2026-04-22,Fayetteville,Noon - 4:30 PM,9,,LimeSurvey 154,
2026-04-23,Fayetteville,Noon - 4:30 PM,30,,LimeSurvey 154,
2026-04-24,Fayetteville,Noon - 4:30 PM,17,,LimeSurvey 154,
2026-04-27,Fayetteville,7:30 AM - Noon,20,,LimeSurvey 157,
2026-04-27,Fayetteville,Noon - 4:30 PM,13,,LimeSurvey 157,
2026-04-28,Fayetteville,7:30 AM - Noon,27,,LimeSurvey 157,
2026-04-28,Fayetteville,Noon - 4:30 PM,18,,LimeSurvey 157,
2026-04-29,Fayetteville,7:30 AM - Noon,16,,LimeSurvey 157,
2026-04-29,Fayetteville,Noon - 4:30 PM,28,,LimeSurvey 157,
2026-04-30,Fayetteville,7:30 AM - Noon,23,,LimeSurvey 157,
2026-04-30,Fayetteville,Noon - 4:30 PM,26,,LimeSurvey 157,
2026-05-01,Fayetteville,Noon - 4:30 PM,22,,LimeSurvey 157,
2026-05-04,Fayetteville,7:30 AM - Noon,21,,LimeSurvey 160,
2026-05-04,Fayetteville,Noon - 4:30 PM,12,,LimeSurvey 160,
2026-05-05,Fayetteville,7:30 AM - Noon,18,,LimeSurvey 160,
2026-05-05,Fayetteville,Noon - 4:30 PM,11,,LimeSurvey 160,
2026-05-06,Fayetteville,7:30 AM - Noon,11,,LimeSurvey 160,
2026-05-06,Fayetteville,Noon - 4:30 PM,10,,LimeSurvey 160,
2026-05-07,Fayetteville,7:30 AM - Noon,17,,LimeSurvey 160,
2026-05-07,Fayetteville,Noon - 4:30 PM,19,,LimeSurvey 160,
2026-05-08,Fayetteville,7:30 AM - Noon,3,,LimeSurvey 160,
2026-05-08,Fayetteville,Noon - 4:30 PM,1,,LimeSurvey 160,
2026-05-11,Fayetteville,7:30 AM - Noon,5,,LimeSurvey 170,
2026-05-11,Fayetteville,Noon - 4:30 PM,4,,LimeSurvey 170,
2026-05-12,Fayetteville,7:30 AM - Noon,4,,LimeSurvey 170,
2026-05-12,Fayetteville,Noon - 4:30 PM,6,,LimeSurvey 170,
2026-05-13,Fayetteville,7:30 AM - Noon,3,,LimeSurvey 170,
2026-05-13,Fayetteville,Noon - 4:30 PM,7,,LimeSurvey 170,
2026-05-14,Fayetteville,7:30 AM - Noon,4,,LimeSurvey 170,
2026-05-14,Fayetteville,Noon - 4:30 PM,4,,LimeSurvey 170,
2026-05-15,Fayetteville,7:30 AM - Noon,2,,LimeSurvey 170,
2026-05-15,Fayetteville,Noon - 4:30 PM,5,,LimeSurvey 170,
2026-05-18,Fayetteville,7:30 AM - Noon,14,,LimeSurvey 173,
2026-05-18,Fayetteville,Noon - 4:30 PM,5,,LimeSurvey 173,
2026-05-19,Fayetteville,7:30 AM - Noon,15,,LimeSurvey 173,
2026-05-19,Fayetteville,Noon - 4:30 PM,9,,LimeSurvey 173,
2026-05-20,Fayetteville,7:30 AM - Noon,7,,LimeSurvey 173,
2026-05-20,Fayetteville,Noon - 4:30 PM,10,,LimeSurvey 173,
2026-05-21,Fayetteville,7:30 AM - Noon,8,,LimeSurvey 173,
2026-05-21,Fayetteville,Noon - 4:30 PM,11,,LimeSurvey 173,
2026-06-01,Fayetteville,7:30 AM - Noon,15,,LimeSurvey 179,
2026-06-01,Fayetteville,Noon - 4:30 PM,4,,LimeSurvey 179,
2026-06-02,Fayetteville,7:30 AM - Noon,10,,LimeSurvey 179,
2026-06-02,Fayetteville,Noon - 4:30 PM,9,,LimeSurvey 179,
2026-06-03,Fayetteville,7:30 AM - Noon,14,,LimeSurvey 179,
2026-06-03,Fayetteville,Noon - 4:30 PM,4,,LimeSurvey 179,
2026-06-04,Fayetteville,7:30 AM - Noon,12,,LimeSurvey 179,
2026-06-04,Fayetteville,Noon - 4:30 PM,2,,LimeSurvey 179,
2026-06-15,Fayetteville,7:30 AM - Noon,24,,LimeSurvey 226,
2026-06-15,Fayetteville,Noon - 4:30 PM,7,,LimeSurvey 226,
2026-06-16,Fayetteville,7:30 AM - Noon,0,,LimeSurvey 226,
2026-06-16,Fayetteville,Noon - 4:30 PM,31,,LimeSurvey 226,
2026-06-17,Fayetteville,7:30 AM - Noon,0,,LimeSurvey 226,
2026-06-17,Fayetteville,Noon - 4:30 PM,56,,LimeSurvey 226,
2026-06-18,Fayetteville,7:30 AM - Noon,0,,LimeSurvey 226,
2026-06-18,Fayetteville,Noon - 4:30 PM,0,,LimeSurvey 226,
2026-06-19,Fayetteville,7:30 AM - Noon,0,,LimeSurvey 226,
2026-06-19,Fayetteville,Noon - 4:30 PM,0,,LimeSurvey 226,
2026-06-22,Fayetteville,7:30 AM - Noon,37,,LimeSurvey 225,
2026-06-22,Fayetteville,Noon - 4:30 PM,51,,LimeSurvey 225,
2026-06-23,Fayetteville,7:30 AM - Noon,24,,LimeSurvey 225,
2026-06-23,Fayetteville,Noon - 4:30 PM,34,,LimeSurvey 225,
2026-06-24,Fayetteville,7:30 AM - Noon,20,,LimeSurvey 225,
2026-06-24,Fayetteville,Noon - 4:30 PM,11,,LimeSurvey 225,
2026-06-25,Fayetteville,7:30 AM - Noon,0,,LimeSurvey 225,
2026-06-25,Fayetteville,Noon - 4:30 PM,0,,LimeSurvey 225,
2026-06-26,Fayetteville,7:30 AM - Noon,0,,LimeSurvey 225,
2026-06-26,Fayetteville,Noon - 4:30 PM,0,,LimeSurvey 225,
2026-06-29,Fayetteville,7:30 AM - Noon,34,,LimeSurvey 215,
2026-06-29,Fayetteville,Noon - 4:30 PM,8,,LimeSurvey 215,
2026-06-30,Fayetteville,7:30 AM - Noon,23,,LimeSurvey 215,
2026-06-30,Fayetteville,Noon - 4:30 PM,6,,LimeSurvey 215,
2026-07-01,Fayetteville,7:30 AM - Noon,24,,LimeSurvey 215,
2026-07-01,Fayetteville,Noon - 4:30 PM,23,,LimeSurvey 215,
2026-07-02,Fayetteville,7:30 AM - Noon,17,,LimeSurvey 215,
2026-07-02,Fayetteville,Noon - 4:30 PM,4,,LimeSurvey 215,
2026-07-06,Fayetteville,7:30 AM - Noon,19,,LimeSurvey 216,
2026-07-06,Fayetteville,Noon - 4:30 PM,2,,LimeSurvey 216,
2026-07-07,Fayetteville,7:30 AM - Noon,0,,LimeSurvey 216,
2026-07-07,Fayetteville,Noon - 4:30 PM,21,,LimeSurvey 216,
2026-07-08,Fayetteville,7:30 AM - Noon,25,,LimeSurvey 216,
2026-07-08,Fayetteville,Noon - 4:30 PM,12,,LimeSurvey 216,
2026-07-09,Fayetteville,7:30 AM - Noon,10,,LimeSurvey 216,
2026-07-09,Fayetteville,Noon - 4:30 PM,15,,LimeSurvey 216,
2026-07-10,Fayetteville,7:30 AM - Noon,14,,LimeSurvey 216,
2026-07-10,Fayetteville,Noon - 4:30 PM,5,,LimeSurvey 216,
2026-07-13,Fayetteville,7:30 AM - Noon,22,,LimeSurvey 217,
2026-07-13,Fayetteville,Noon - 4:30 PM,5,,LimeSurvey 217,
2026-07-14,Fayetteville,7:30 AM - Noon,15,,LimeSurvey 217,
2026-07-14,Fayetteville,Noon - 4:30 PM,7,,LimeSurvey 217,
2026-07-15,Fayetteville,7:30 AM - Noon,10,,LimeSurvey 217,
2026-07-15,Fayetteville,Noon - 4:30 PM,0,,LimeSurvey 217,
2026-07-16,Fayetteville,7:30 AM - Noon,13,,LimeSurvey 217,
2026-07-16,Fayetteville,Noon - 4:30 PM,19,,LimeSurvey 217,
2026-07-17,Fayetteville,7:30 AM - Noon,13,,LimeSurvey 217,
2026-07-20,Fayetteville,7:30 AM - Noon,23,,LimeSurvey 218,
2026-07-20,Fayetteville,Noon - 4:30 PM,9,,LimeSurvey 218,
2026-07-21,Fayetteville,7:30 AM - Noon,27,,LimeSurvey 218,
2026-07-21,Fayetteville,Noon - 4:30 PM,12,,LimeSurvey 218,
2026-07-22,Fayetteville,7:30 AM - Noon,0,,LimeSurvey 218,
2026-07-22,Fayetteville,Noon - 4:30 PM,25,,LimeSurvey 218,
2026-07-23,Fayetteville,7:30 AM - Noon,16,,LimeSurvey 218,
2026-07-23,Fayetteville,Noon - 4:30 PM,17,,LimeSurvey 218,
2026-07-24,Fayetteville,7:30 AM - Noon,13,,LimeSurvey 218,
2026-07-24,Fayetteville,Noon - 4:30 PM,18,,LimeSurvey 218,
2026-07-27,Fayetteville,7:30 AM - Noon,30,,LimeSurvey 219,
2026-07-27,Fayetteville,Noon - 4:30 PM,12,,LimeSurvey 219,
2026-07-28,Fayetteville,7:30 AM - Noon,31,,LimeSurvey 219,
2026-07-28,Fayetteville,Noon - 4:30 PM,4,,LimeSurvey 219,
2026-07-29,Fayetteville,7:30 AM - Noon,0,,LimeSurvey 219,
2026-07-29,Fayetteville,Noon - 4:30 PM,15,,LimeSurvey 219,
2026-07-30,Fayetteville,7:30 AM - Noon,21,,LimeSurvey 219,
2026-07-30,Fayetteville,Noon - 4:30 PM,15,,LimeSurvey 219,
2026-07-31,Fayetteville,7:30 AM - Noon,21,,LimeSurvey 219,
2026-07-31,Fayetteville,Noon - 4:30 PM,8,,LimeSurvey 219,
2026-08-03,Fayetteville,7:30 AM - Noon,26,,LimeSurvey 220,
2026-08-03,Fayetteville,Noon - 4:30 PM,9,,LimeSurvey 220,
2026-08-04,Fayetteville,7:30 AM - Noon,0,,LimeSurvey 220,
2026-08-04,Fayetteville,Noon - 4:30 PM,0,,LimeSurvey 220,
2026-08-05,Fayetteville,7:30 AM - Noon,0,,LimeSurvey 220,
2026-08-05,Fayetteville,Noon - 4:30 PM,15,,LimeSurvey 220,
2026-08-06,Fayetteville,7:30 AM - Noon,0,,LimeSurvey 220,
2026-08-06,Fayetteville,Noon - 4:30 PM,9,,LimeSurvey 220,
2026-08-07,Fayetteville,7:30 AM - Noon,18,,LimeSurvey 220,
2026-08-07,Fayetteville,Noon - 4:30 PM,11,,LimeSurvey 220,
2026-08-10,Fayetteville,7:30 AM - Noon,17,,LimeSurvey 221,
2026-08-10,Fayetteville,Noon - 4:30 PM,41,,LimeSurvey 221,
2026-08-11,Fayetteville,7:30 AM - Noon,20,,LimeSurvey 221,
2026-08-11,Fayetteville,Noon - 4:30 PM,24,,LimeSurvey 221,
2026-08-12,Fayetteville,7:30 AM - Noon,0,,LimeSurvey 221,
2026-08-12,Fayetteville,Noon - 4:30 PM,29,,LimeSurvey 221,
2026-08-13,Fayetteville,7:30 AM - Noon,6,,LimeSurvey 221,
2026-08-13,Fayetteville,Noon - 4:30 PM,10,,LimeSurvey 221,
2026-08-14,Fayetteville,7:30 AM - Noon,30,,LimeSurvey 221,
2026-08-14,Fayetteville,Noon - 4:30 PM,7,,LimeSurvey 221,
2026-08-17,Fayetteville,7:30 AM - Noon,10,,LimeSurvey 222,
2026-08-17,Fayetteville,Noon - 4:30 PM,10,,LimeSurvey 222,
2026-08-18,Fayetteville,7:30 AM - Noon,0,,LimeSurvey 222,
2026-08-18,Fayetteville,Noon - 4:30 PM,36,,LimeSurvey 222,
2026-08-19,Fayetteville,7:30 AM - Noon,0,,LimeSurvey 222,
2026-08-19,Fayetteville,Noon - 4:30 PM,21,,LimeSurvey 222,
2026-08-20,Fayetteville,7:30 AM - Noon,0,,LimeSurvey 222,
2026-08-20,Fayetteville,Noon - 4:30 PM,30,,LimeSurvey 222,
2026-08-21,Fayetteville,7:30 AM - Noon,32,,LimeSurvey 222,
2026-08-21,Fayetteville,Noon - 4:30 PM,20,,LimeSurvey 222,
2026-08-24,Fayetteville,7:30 AM - Noon,48,,LimeSurvey 223,
2026-08-24,Fayetteville,Noon - 4:30 PM,16,,LimeSurvey 223,
2026-08-25,Fayetteville,7:30 AM - Noon,52,,LimeSurvey 223,
2026-08-25,Fayetteville,Noon - 4:30 PM,28,,LimeSurvey 223,
2026-08-26,Fayetteville,7:30 AM - Noon,0,,LimeSurvey 223,
2026-08-26,Fayetteville,Noon - 4:30 PM,55,,LimeSurvey 223,
2026-08-27,Fayetteville,7:30 AM - Noon,20,,LimeSurvey 223,
2026-08-27,Fayetteville,Noon - 4:30 PM,21,,LimeSurvey 223,
2026-08-28,Fayetteville,7:30 AM - Noon,12,,LimeSurvey 223,
2026-08-28,Fayetteville,Noon - 4:30 PM,12,,LimeSurvey 223,
2026-08-31,Fayetteville,7:30 AM - Noon,27,,LimeSurvey 224,
2026-08-31,Fayetteville,Noon - 4:30 PM,3,,LimeSurvey 224,
2026-09-01,Fayetteville,7:30 AM - Noon,21,,LimeSurvey 224,
2026-09-01,Fayetteville,Noon - 4:30 PM,30,,LimeSurvey 224,
2026-09-02,Fayetteville,7:30 AM - Noon,0,,LimeSurvey 224,
2026-09-02,Fayetteville,Noon - 4:30 PM,30,,LimeSurvey 224,
2026-09-03,Fayetteville,7:30 AM - Noon,32,,LimeSurvey 224,
2026-09-03,Fayetteville,Noon - 4:30 PM,22,,LimeSurvey 224,
2026-09-04,Fayetteville,7:30 AM - Noon,11,,LimeSurvey 224,
2026-09-04,Fayetteville,Noon - 4:30 PM,6,,LimeSurvey 224,
2025-09-22,McMinnville,7:30 AM - Noon,75,,LimeSurvey 82,
2025-09-22,McMinnville,Noon - 4:30 PM,62,,LimeSurvey 82,
2025-09-23,McMinnville,7:30 AM - Noon,55,,LimeSurvey 82,
2025-09-23,McMinnville,Noon - 4:30 PM,40,,LimeSurvey 82,
2025-09-24,McMinnville,7:30 AM - Noon,108,,LimeSurvey 82,
2025-09-24,McMinnville,Noon - 4:30 PM,62,,LimeSurvey 82,
2025-09-25,McMinnville,7:30 AM - Noon,72,,LimeSurvey 82,
2025-09-25,McMinnville,Noon - 4:30 PM,20,,LimeSurvey 82,
2025-09-26,McMinnville,7:30 AM - Noon,22,,LimeSurvey 82,
2025-09-26,McMinnville,Noon - 4:30 PM,6,,LimeSurvey 82,
2025-09-29,McMinnville,7:30 AM - Noon,87,,LimeSurvey 77,
2025-09-29,McMinnville,Noon - 4:30 PM,75,,LimeSurvey 77,
2025-09-30,McMinnville,7:30 AM - Noon,152,,LimeSurvey 77,
2025-09-30,McMinnville,Noon - 4:30 PM,36,,LimeSurvey 77,
2025-10-01,McMinnville,7:30 AM - Noon,100,,LimeSurvey 77,
2025-10-01,McMinnville,Noon - 4:30 PM,35,,LimeSurvey 77,
2025-10-02,McMinnville,7:30 AM - Noon,88,,LimeSurvey 77,
2025-10-02,McMinnville,Noon - 4:30 PM,20,,LimeSurvey 77,
2025-10-03,McMinnville,7:30 AM - Noon,7,,LimeSurvey 77,
2025-10-03,McMinnville,Noon - 4:30 PM,4,,LimeSurvey 77,
2025-10-06,McMinnville,7:30 AM - Noon,84,,LimeSurvey 73,
2025-10-06,McMinnville,Noon - 4:30 PM,76,,LimeSurvey 73,
2025-10-07,McMinnville,7:30 AM - Noon,49,,LimeSurvey 73,
2025-10-07,McMinnville,Noon - 4:30 PM,48,,LimeSurvey 73,
2025-10-08,McMinnville,7:30 AM - Noon,124,,LimeSurvey 73,
2025-10-08,McMinnville,Noon - 4:30 PM,65,,LimeSurvey 73,
2025-10-09,McMinnville,7:30 AM - Noon,26,,LimeSurvey 73,
2025-10-09,McMinnville,Noon - 4:30 PM,26,,LimeSurvey 73,
2025-10-10,McMinnville,7:30 AM - Noon,10,,LimeSurvey 73,
2025-10-10,McMinnville,Noon - 4:30 PM,12,,LimeSurvey 73,
2025-10-13,McMinnville,7:30 AM - Noon,20,,LimeSurvey 56,
2025-10-13,McMinnville,Noon - 4:30 PM,5,,LimeSurvey 56,
2025-10-14,McMinnville,7:30 AM - Noon,30,,LimeSurvey 56,
2025-10-14,McMinnville,Noon - 4:30 PM,24,,LimeSurvey 56,
2025-10-15,McMinnville,7:30 AM - Noon,88,,LimeSurvey 56,
2025-10-15,McMinnville,Noon - 4:30 PM,35,,LimeSurvey 56,
2025-10-16,McMinnville,7:30 AM - Noon,71,,LimeSurvey 56,
2025-10-16,McMinnville,Noon - 4:30 PM,31,,LimeSurvey 56,
2025-10-17,McMinnville,7:30 AM - Noon,20,,LimeSurvey 56,
2025-10-17,McMinnville,Noon - 4:30 PM,10,,LimeSurvey 56,
2025-10-20,McMinnville,7:30 AM - Noon,81,,LimeSurvey 52,
2025-10-20,McMinnville,Noon - 4:30 PM,60,,LimeSurvey 52,
2025-10-21,McMinnville,7:30 AM - Noon,82,,LimeSurvey 52,
2025-10-21,McMinnville,Noon - 4:30 PM,26,,LimeSurvey 52,
2025-10-22,McMinnville,7:30 AM - Noon,98,,LimeSurvey 52,
2025-10-22,McMinnville,Noon - 4:30 PM,60,,LimeSurvey 52,
2025-10-27,McMinnville,7:30 AM - Noon,89,,LimeSurvey 106,
2025-10-27,McMinnville,Noon - 4:30 PM,27,,LimeSurvey 106,
2025-10-28,McMinnville,7:30 AM - Noon,66,,LimeSurvey 106,
2025-10-28,McMinnville,Noon - 4:30 PM,28,,LimeSurvey 106,
2025-10-29,McMinnville,7:30 AM - Noon,119,,LimeSurvey 106,
2025-10-29,McMinnville,Noon - 4:30 PM,84,,LimeSurvey 106,
2025-10-30,McMinnville,7:30 AM - Noon,96,,LimeSurvey 106,
2025-10-30,McMinnville,Noon - 4:30 PM,35,,LimeSurvey 106,
2025-10-31,McMinnville,7:30 AM - Noon,30,,LimeSurvey 106,
2025-10-31,McMinnville,Noon - 4:30 PM,5,,LimeSurvey 106,
2025-11-03,McMinnville,7:30 AM - Noon,30,,LimeSurvey 102,
2025-11-03,McMinnville,Noon - 4:30 PM,12,,LimeSurvey 102,
2025-11-04,McMinnville,7:30 AM - Noon,49,,LimeSurvey 102,
2025-11-04,McMinnville,Noon - 4:30 PM,17,,LimeSurvey 102,
2025-11-05,McMinnville,7:30 AM - Noon,66,,LimeSurvey 102,
2025-11-05,McMinnville,Noon - 4:30 PM,35,,LimeSurvey 102,
2025-11-06,McMinnville,7:30 AM - Noon,34,,LimeSurvey 102,
2025-11-06,McMinnville,Noon - 4:30 PM,12,,LimeSurvey 102,
2025-11-07,McMinnville,7:30 AM - Noon,10,,LimeSurvey 102,
2025-11-07,McMinnville,Noon - 4:30 PM,6,,LimeSurvey 102,
2025-11-10,McMinnville,7:30 AM - Noon,44,,LimeSurvey 99,
2025-11-10,McMinnville,Noon - 4:30 PM,21,,LimeSurvey 99,
2025-11-11,McMinnville,7:30 AM - Noon,43,,LimeSurvey 99,
2025-11-11,McMinnville,Noon - 4:30 PM,8,,LimeSurvey 99,
2025-11-12,McMinnville,7:30 AM - Noon,29,,LimeSurvey 99,
2025-11-13,McMinnville,7:30 AM - Noon,25,,LimeSurvey 99,
2025-11-13,McMinnville,Noon - 4:30 PM,5,,LimeSurvey 99,
2025-11-14,McMinnville,7:30 AM - Noon,10,,LimeSurvey 99,
2025-11-14,McMinnville,Noon - 4:30 PM,3,,LimeSurvey 99,
2025-11-17,McMinnville,7:30 AM - Noon,47,,LimeSurvey 93,
2025-11-17,McMinnville,Noon - 4:30 PM,15,,LimeSurvey 93,
2025-11-18,McMinnville,7:30 AM - Noon,41,,LimeSurvey 93,
2025-11-18,McMinnville,Noon - 4:30 PM,20,,LimeSurvey 93,
2025-11-19,McMinnville,7:30 AM - Noon,42,,LimeSurvey 93,
2025-11-19,McMinnville,Noon - 4:30 PM,12,,LimeSurvey 93,
2025-11-20,McMinnville,7:30 AM - Noon,31,,LimeSurvey 93,
2025-11-20,McMinnville,Noon - 4:30 PM,26,,LimeSurvey 93,
2025-11-21,McMinnville,7:30 AM - Noon,9,,LimeSurvey 93,
2025-11-21,McMinnville,Noon - 4:30 PM,12,,LimeSurvey 93,
2025-11-24,McMinnville,7:30 AM - Noon,72,,LimeSurvey 72,
2025-11-24,McMinnville,Noon - 4:30 PM,36,,LimeSurvey 72,
2025-11-25,McMinnville,7:30 AM - Noon,43,,LimeSurvey 72,
2025-11-25,McMinnville,Noon - 4:30 PM,12,,LimeSurvey 72,
2025-11-26,McMinnville,7:30 AM - Noon,2,,LimeSurvey 72,
2025-12-01,McMinnville,7:30 AM - Noon,33,,LimeSurvey 59,
2025-12-02,McMinnville,7:30 AM - Noon,20,,LimeSurvey 59,
2025-12-02,McMinnville,Noon - 4:30 PM,12,,LimeSurvey 59,
2025-12-03,McMinnville,7:30 AM - Noon,52,,LimeSurvey 59,
2025-12-03,McMinnville,Noon - 4:30 PM,36,,LimeSurvey 59,
2025-12-04,McMinnville,7:30 AM - Noon,65,,LimeSurvey 59,
2025-12-04,McMinnville,Noon - 4:30 PM,17,,LimeSurvey 59,
2025-12-05,McMinnville,7:30 AM - Noon,10,,LimeSurvey 59,
2025-12-05,McMinnville,Noon - 4:30 PM,4,,LimeSurvey 59,
2025-12-08,McMinnville,7:30 AM - Noon,48,,LimeSurvey 57,
2025-12-08,McMinnville,Noon - 4:30 PM,29,,LimeSurvey 57,
2025-12-09,McMinnville,7:30 AM - Noon,39,,LimeSurvey 57,
2025-12-09,McMinnville,Noon - 4:30 PM,16,,LimeSurvey 57,
2025-12-10,McMinnville,7:30 AM - Noon,40,,LimeSurvey 57,
2025-12-10,McMinnville,Noon - 4:30 PM,18,,LimeSurvey 57,
2025-12-11,McMinnville,7:30 AM - Noon,38,,LimeSurvey 57,
2025-12-11,McMinnville,Noon - 4:30 PM,12,,LimeSurvey 57,
2025-12-12,McMinnville,7:30 AM - Noon,28,,LimeSurvey 57,
2025-12-12,McMinnville,Noon - 4:30 PM,15,,LimeSurvey 57,
2026-01-05,McMinnville,7:30 AM - Noon,20,,LimeSurvey 92,
2026-01-05,McMinnville,Noon - 4:30 PM,10,,LimeSurvey 92,
2026-01-06,McMinnville,7:30 AM - Noon,15,,LimeSurvey 92,
2026-01-06,McMinnville,Noon - 4:30 PM,6,,LimeSurvey 92,
2026-01-07,McMinnville,7:30 AM - Noon,20,,LimeSurvey 92,
2026-01-07,McMinnville,Noon - 4:30 PM,5,,LimeSurvey 92,
2026-01-08,McMinnville,7:30 AM - Noon,22,,LimeSurvey 92,
2026-01-08,McMinnville,Noon - 4:30 PM,9,,LimeSurvey 92,
2026-01-09,McMinnville,7:30 AM - Noon,6,,LimeSurvey 92,
2026-01-09,McMinnville,Noon - 4:30 PM,12,,LimeSurvey 92,
2026-01-12,McMinnville,7:30 AM - Noon,14,,LimeSurvey 85,
2026-01-12,McMinnville,Noon - 4:30 PM,6,,LimeSurvey 85,
2026-01-13,McMinnville,7:30 AM - Noon,24,,LimeSurvey 85,
2026-01-13,McMinnville,Noon - 4:30 PM,14,,LimeSurvey 85,
2026-01-14,McMinnville,7:30 AM - Noon,30,,LimeSurvey 85,
2026-01-14,McMinnville,Noon - 4:30 PM,12,,LimeSurvey 85,
2026-01-15,McMinnville,7:30 AM - Noon,11,,LimeSurvey 85,
2026-01-15,McMinnville,Noon - 4:30 PM,7,,LimeSurvey 85,
2026-01-16,McMinnville,7:30 AM - Noon,20,,LimeSurvey 85,
2026-01-16,McMinnville,Noon - 4:30 PM,4,,LimeSurvey 85,
2026-01-20,McMinnville,7:30 AM - Noon,88,,LimeSurvey 78,
2026-01-20,McMinnville,Noon - 4:30 PM,47,,LimeSurvey 78,
2026-01-21,McMinnville,7:30 AM - Noon,57,,LimeSurvey 78,
2026-01-21,McMinnville,Noon - 4:30 PM,36,,LimeSurvey 78,
2026-01-22,McMinnville,7:30 AM - Noon,36,,LimeSurvey 78,
2026-01-22,McMinnville,Noon - 4:30 PM,9,,LimeSurvey 78,
2026-01-23,McMinnville,7:30 AM - Noon,19,,LimeSurvey 78,
2026-01-23,McMinnville,Noon - 4:30 PM,4,,LimeSurvey 78,
2026-02-02,McMinnville,7:30 AM - Noon,60,,LimeSurvey 110,
2026-02-02,McMinnville,Noon - 4:30 PM,20,,LimeSurvey 110,
2026-02-03,McMinnville,7:30 AM - Noon,50,,LimeSurvey 110,
2026-02-03,McMinnville,Noon - 4:30 PM,28,,LimeSurvey 110,
2026-02-04,McMinnville,7:30 AM - Noon,49,,LimeSurvey 110,
2026-02-04,McMinnville,Noon - 4:30 PM,32,,LimeSurvey 110,
2026-02-05,McMinnville,7:30 AM - Noon,14,,LimeSurvey 110,
2026-02-05,McMinnville,Noon - 4:30 PM,24,,LimeSurvey 110,
2026-02-06,McMinnville,7:30 AM - Noon,17,,LimeSurvey 110,
2026-02-06,McMinnville,Noon - 4:30 PM,1,,LimeSurvey 110,
2026-02-09,McMinnville,7:30 AM - Noon,46,,LimeSurvey 113,
2026-02-09,McMinnville,Noon - 4:30 PM,40,,LimeSurvey 113,
2026-02-10,McMinnville,7:30 AM - Noon,37,,LimeSurvey 113,
2026-02-10,McMinnville,Noon - 4:30 PM,36,,LimeSurvey 113,
2026-02-11,McMinnville,7:30 AM - Noon,34,,LimeSurvey 113,
2026-02-11,McMinnville,Noon - 4:30 PM,49,,LimeSurvey 113,
2026-02-12,McMinnville,7:30 AM - Noon,42,,LimeSurvey 113,
2026-02-12,McMinnville,Noon - 4:30 PM,21,,LimeSurvey 113,
2026-02-13,McMinnville,7:30 AM - Noon,4,,LimeSurvey 113,
2026-02-13,McMinnville,Noon - 4:30 PM,9,,LimeSurvey 113,
2026-02-16,McMinnville,7:30 AM - Noon,57,,LimeSurvey 126,
2026-02-16,McMinnville,Noon - 4:30 PM,36,,LimeSurvey 126,
2026-02-17,McMinnville,7:30 AM - Noon,36,,LimeSurvey 126,
2026-02-17,McMinnville,Noon - 4:30 PM,24,,LimeSurvey 126,
2026-02-18,McMinnville,7:30 AM - Noon,50,,LimeSurvey 126,
2026-02-18,McMinnville,Noon - 4:30 PM,15,,LimeSurvey 126,
2026-02-19,McMinnville,7:30 AM - Noon,45,,LimeSurvey 126,
2026-02-19,McMinnville,Noon - 4:30 PM,12,,LimeSurvey 126,
2026-02-20,McMinnville,7:30 AM - Noon,20,,LimeSurvey 126,
2026-02-20,McMinnville,Noon - 4:30 PM,7,,LimeSurvey 126,
2026-02-23,McMinnville,7:30 AM - Noon,73,,LimeSurvey 123,
2026-02-23,McMinnville,Noon - 4:30 PM,28,,LimeSurvey 123,
2026-02-24,McMinnville,7:30 AM - Noon,58,,LimeSurvey 123,
2026-02-24,McMinnville,Noon - 4:30 PM,20,,LimeSurvey 123,
2026-02-25,McMinnville,7:30 AM - Noon,60,,LimeSurvey 123,
2026-02-25,McMinnville,Noon - 4:30 PM,33,,LimeSurvey 123,
2026-02-26,McMinnville,7:30 AM - Noon,40,,LimeSurvey 123,
2026-02-26,McMinnville,Noon - 4:30 PM,15,,LimeSurvey 123,
2026-02-27,McMinnville,7:30 AM - Noon,23,,LimeSurvey 123,
2026-03-02,McMinnville,7:30 AM - Noon,76,,LimeSurvey 141,
2026-03-02,McMinnville,Noon - 4:30 PM,31,,LimeSurvey 141,
2026-03-03,McMinnville,7:30 AM - Noon,40,,LimeSurvey 141,
2026-03-03,McMinnville,Noon - 4:30 PM,55,,LimeSurvey 141,
2026-03-04,McMinnville,7:30 AM - Noon,60,,LimeSurvey 141,
2026-03-04,McMinnville,Noon - 4:30 PM,33,,LimeSurvey 141,
2026-03-05,McMinnville,7:30 AM - Noon,41,,LimeSurvey 141,
2026-03-05,McMinnville,Noon - 4:30 PM,26,,LimeSurvey 141,
2026-03-06,McMinnville,7:30 AM - Noon,18,,LimeSurvey 141,
2026-03-06,McMinnville,Noon - 4:30 PM,2,,LimeSurvey 141,
2026-03-09,McMinnville,7:30 AM - Noon,9,,LimeSurvey 140,
2026-03-09,McMinnville,Noon - 4:30 PM,2,,LimeSurvey 140,
2026-03-10,McMinnville,7:30 AM - Noon,10,,LimeSurvey 140,
2026-03-10,McMinnville,Noon - 4:30 PM,5,,LimeSurvey 140,
2026-03-11,McMinnville,7:30 AM - Noon,20,,LimeSurvey 140,
2026-03-11,McMinnville,Noon - 4:30 PM,6,,LimeSurvey 140,
2026-03-12,McMinnville,7:30 AM - Noon,6,,LimeSurvey 140,
2026-03-12,McMinnville,Noon - 4:30 PM,0,,LimeSurvey 140,
2026-03-13,McMinnville,7:30 AM - Noon,15,,LimeSurvey 140,
2026-03-13,McMinnville,Noon - 4:30 PM,2,,LimeSurvey 140,
2026-03-16,McMinnville,7:30 AM - Noon,46,,LimeSurvey 139,
2026-03-16,McMinnville,Noon - 4:30 PM,14,,LimeSurvey 139,
2026-03-17,McMinnville,7:30 AM - Noon,25,,LimeSurvey 139,
2026-03-17,McMinnville,Noon - 4:30 PM,33,,LimeSurvey 139,
2026-03-18,McMinnville,7:30 AM - Noon,35,,LimeSurvey 139,
2026-03-18,McMinnville,Noon - 4:30 PM,37,,LimeSurvey 139,
2026-03-19,McMinnville,7:30 AM - Noon,20,,LimeSurvey 139,
2026-03-19,McMinnville,Noon - 4:30 PM,42,,LimeSurvey 139,
2026-03-20,McMinnville,7:30 AM - Noon,15,,LimeSurvey 139,
2026-03-20,McMinnville,Noon - 4:30 PM,29,,LimeSurvey 139,
2026-03-23,McMinnville,7:30 AM - Noon,59,,LimeSurvey 138,
2026-03-23,McMinnville,Noon - 4:30 PM,26,,LimeSurvey 138,
2026-03-24,McMinnville,7:30 AM - Noon,27,,LimeSurvey 138,
2026-03-24,McMinnville,Noon - 4:30 PM,14,,LimeSurvey 138,
2026-03-25,McMinnville,7:30 AM - Noon,53,,LimeSurvey 138,
2026-03-25,McMinnville,Noon - 4:30 PM,26,,LimeSurvey 138,
2026-03-26,McMinnville,7:30 AM - Noon,30,,LimeSurvey 138,
2026-03-26,McMinnville,Noon - 4:30 PM,15,,LimeSurvey 138,
2026-03-27,McMinnville,7:30 AM - Noon,7,,LimeSurvey 138,
2026-03-27,McMinnville,Noon - 4:30 PM,5,,LimeSurvey 138,
2026-03-30,McMinnville,7:30 AM - Noon,57,,LimeSurvey 167,
2026-03-30,McMinnville,Noon - 4:30 PM,34,,LimeSurvey 167,
2026-03-31,McMinnville,7:30 AM - Noon,40,,LimeSurvey 167,
2026-03-31,McMinnville,Noon - 4:30 PM,41,,LimeSurvey 167,
2026-04-01,McMinnville,7:30 AM - Noon,67,,LimeSurvey 167,
2026-04-01,McMinnville,Noon - 4:30 PM,30,,LimeSurvey 167,
2026-04-02,McMinnville,7:30 AM - Noon,33,,LimeSurvey 167,
2026-04-02,McMinnville,Noon - 4:30 PM,21,,LimeSurvey 167,
2026-04-03,McMinnville,7:30 AM - Noon,12,,LimeSurvey 167,
2026-04-03,McMinnville,Noon - 4:30 PM,8,,LimeSurvey 167,
2026-04-06,McMinnville,7:30 AM - Noon,57,,LimeSurvey 166,
2026-04-06,McMinnville,Noon - 4:30 PM,15,,LimeSurvey 166,
2026-04-07,McMinnville,7:30 AM - Noon,30,,LimeSurvey 166,
2026-04-07,McMinnville,Noon - 4:30 PM,19,,LimeSurvey 166,
2026-04-08,McMinnville,7:30 AM - Noon,23,,LimeSurvey 166,
2026-04-08,McMinnville,Noon - 4:30 PM,18,,LimeSurvey 166,
2026-04-09,McMinnville,7:30 AM - Noon,35,,LimeSurvey 166,
2026-04-09,McMinnville,Noon - 4:30 PM,14,,LimeSurvey 166,
2026-04-10,McMinnville,7:30 AM - Noon,11,,LimeSurvey 166,
2026-04-10,McMinnville,Noon - 4:30 PM,8,,LimeSurvey 166,
2026-04-13,McMinnville,7:30 AM - Noon,36,,LimeSurvey 165,
2026-04-13,McMinnville,Noon - 4:30 PM,39,,LimeSurvey 165,
2026-04-14,McMinnville,7:30 AM - Noon,49,,LimeSurvey 165,
2026-04-14,McMinnville,Noon - 4:30 PM,27,,LimeSurvey 165,
2026-04-15,McMinnville,7:30 AM - Noon,36,,LimeSurvey 165,
2026-04-15,McMinnville,Noon - 4:30 PM,25,,LimeSurvey 165,
2026-04-16,McMinnville,7:30 AM - Noon,40,,LimeSurvey 165,
2026-04-16,McMinnville,Noon - 4:30 PM,15,,LimeSurvey 165,
2026-04-17,McMinnville,7:30 AM - Noon,10,,LimeSurvey 165,
2026-04-17,McMinnville,Noon - 4:30 PM,7,,LimeSurvey 165,
2026-04-20,McMinnville,7:30 AM - Noon,62,,LimeSurvey 164,
2026-04-20,McMinnville,Noon - 4:30 PM,26,,LimeSurvey 164,
2026-04-21,McMinnville,7:30 AM - Noon,33,,LimeSurvey 164,
2026-04-21,McMinnville,Noon - 4:30 PM,25,,LimeSurvey 164,
2026-04-22,McMinnville,7:30 AM - Noon,51,,LimeSurvey 164,
2026-04-22,McMinnville,Noon - 4:30 PM,26,,LimeSurvey 164,
2026-04-23,McMinnville,7:30 AM - Noon,21,,LimeSurvey 164,
2026-04-23,McMinnville,Noon - 4:30 PM,39,,LimeSurvey 164,
2026-04-24,McMinnville,7:30 AM - Noon,20,,LimeSurvey 164,
2026-04-24,McMinnville,Noon - 4:30 PM,5,,LimeSurvey 164,
2026-04-27,McMinnville,7:30 AM - Noon,71,,LimeSurvey 163,
2026-04-27,McMinnville,Noon - 4:30 PM,32,,LimeSurvey 163,
2026-04-28,McMinnville,7:30 AM - Noon,71,,LimeSurvey 163,
2026-04-28,McMinnville,Noon - 4:30 PM,20,,LimeSurvey 163,
2026-04-29,McMinnville,7:30 AM - Noon,34,,LimeSurvey 163,
2026-04-29,McMinnville,Noon - 4:30 PM,27,,LimeSurvey 163,
2026-04-30,McMinnville,7:30 AM - Noon,30,,LimeSurvey 163,
2026-04-30,McMinnville,Noon - 4:30 PM,38,,LimeSurvey 163,
2026-05-01,McMinnville,7:30 AM - Noon,10,,LimeSurvey 163,
2026-05-01,McMinnville,Noon - 4:30 PM,5,,LimeSurvey 163,
2026-05-04,McMinnville,7:30 AM - Noon,60,,LimeSurvey 162,
2026-05-04,McMinnville,Noon - 4:30 PM,26,,LimeSurvey 162,
2026-05-05,McMinnville,7:30 AM - Noon,44,,LimeSurvey 162,
2026-05-05,McMinnville,Noon - 4:30 PM,23,,LimeSurvey 162,
2026-05-06,McMinnville,7:30 AM - Noon,20,,LimeSurvey 162,
2026-05-06,McMinnville,Noon - 4:30 PM,38,,LimeSurvey 162,
2026-05-07,McMinnville,7:30 AM - Noon,23,,LimeSurvey 162,
2026-05-07,McMinnville,Noon - 4:30 PM,20,,LimeSurvey 162,
2026-08-10,McMinnville,7:30 AM - Noon,34,,LimeSurvey 206,
2026-08-10,McMinnville,Noon - 4:30 PM,12,,LimeSurvey 206,
2026-08-11,McMinnville,7:30 AM - Noon,39,,LimeSurvey 206,
2026-08-11,McMinnville,Noon - 4:30 PM,35,,LimeSurvey 206,
2026-08-12,McMinnville,7:30 AM - Noon,31,,LimeSurvey 206,
2026-08-12,McMinnville,Noon - 4:30 PM,15,,LimeSurvey 206,
2026-08-13,McMinnville,7:30 AM - Noon,75,,LimeSurvey 206,
2026-08-13,McMinnville,Noon - 4:30 PM,10,,LimeSurvey 206,
2026-08-14,McMinnville,Noon - 4:30 PM,76,,LimeSurvey 206,
2026-08-24,McMinnville,7:30 AM - Noon,109,,LimeSurvey 211,
2026-08-24,McMinnville,Noon - 4:30 PM,41,,LimeSurvey 211,
2026-08-25,McMinnville,7:30 AM - Noon,66,,LimeSurvey 211,
2026-08-25,McMinnville,Noon - 4:30 PM,29,,LimeSurvey 211,
2026-08-26,McMinnville,7:30 AM - Noon,66,,LimeSurvey 211,
2026-08-26,McMinnville,Noon - 4:30 PM,32,,LimeSurvey 211,
2026-08-27,McMinnville,7:30 AM - Noon,34,,LimeSurvey 211,
2026-08-27,McMinnville,Noon - 4:30 PM,12,,LimeSurvey 211,
2026-08-28,McMinnville,7:30 AM - Noon,6,,LimeSurvey 211,
2026-08-28,McMinnville,Noon - 4:30 PM,2,,LimeSurvey 211,
2025-09-21,Moore County,4:30 PM - Close,6,,LimeSurvey 84,
2025-09-22,Moore County,4:30 PM - Close,7,,LimeSurvey 84,
2025-09-22,Moore County,7:30 AM - Noon,207,,LimeSurvey 84,
2025-09-22,Moore County,Noon - 4:30 PM,95,,LimeSurvey 84,
2025-09-23,Moore County,4:30 PM - Close,16,,LimeSurvey 84,
2025-09-23,Moore County,7:30 AM - Noon,204,,LimeSurvey 84,
2025-09-23,Moore County,Noon - 4:30 PM,44,,LimeSurvey 84,
2025-09-24,Moore County,4:30 PM - Close,13,,LimeSurvey 84,
2025-09-24,Moore County,7:30 AM - Noon,274,,LimeSurvey 84,
2025-09-24,Moore County,Noon - 4:30 PM,182,,LimeSurvey 84,
2025-09-25,Moore County,4:30 PM - Close,17,,LimeSurvey 84,
2025-09-25,Moore County,7:30 AM - Noon,208,,LimeSurvey 84,
2025-09-25,Moore County,Noon - 4:30 PM,73,,LimeSurvey 84,
2025-09-26,Moore County,7:30 AM - Noon,91,,LimeSurvey 84,
2025-09-26,Moore County,Noon - 4:30 PM,31,,LimeSurvey 84,
2025-09-29,Moore County,4:30 PM - Close,11,,LimeSurvey 74,
2025-09-29,Moore County,7:30 AM - Noon,232,,LimeSurvey 74,
2025-09-29,Moore County,Noon - 4:30 PM,116,,LimeSurvey 74,
2025-09-30,Moore County,4:30 PM - Close,3,,LimeSurvey 74,
2025-09-30,Moore County,7:30 AM - Noon,188,,LimeSurvey 74,
2025-09-30,Moore County,Noon - 4:30 PM,108,,LimeSurvey 74,
2025-10-01,Moore County,4:30 PM - Close,10,,LimeSurvey 74,
2025-10-01,Moore County,7:30 AM - Noon,178,,LimeSurvey 74,
2025-10-01,Moore County,Noon - 4:30 PM,158,,LimeSurvey 74,
2025-10-02,Moore County,4:30 PM - Close,9,,LimeSurvey 74,
2025-10-02,Moore County,7:30 AM - Noon,156,,LimeSurvey 74,
2025-10-02,Moore County,Noon - 4:30 PM,100,,LimeSurvey 74,
2025-10-03,Moore County,7:30 AM - Noon,126,,LimeSurvey 74,
2025-10-03,Moore County,Noon - 4:30 PM,40,,LimeSurvey 74,
2025-10-06,Moore County,4:30 PM - Close,8,,LimeSurvey 66,
2025-10-06,Moore County,7:30 AM - Noon,192,,LimeSurvey 66,
2025-10-06,Moore County,Noon - 4:30 PM,103,,LimeSurvey 66,
2025-10-07,Moore County,4:30 PM - Close,5,,LimeSurvey 66,
2025-10-07,Moore County,7:30 AM - Noon,172,,LimeSurvey 66,
2025-10-07,Moore County,Noon - 4:30 PM,83,,LimeSurvey 66,
2025-10-08,Moore County,4:30 PM - Close,8,,LimeSurvey 66,
2025-10-08,Moore County,7:30 AM - Noon,222,,LimeSurvey 66,
2025-10-08,Moore County,Noon - 4:30 PM,72,,LimeSurvey 66,
2025-10-09,Moore County,4:30 PM - Close,8,,LimeSurvey 66,
2025-10-09,Moore County,7:30 AM - Noon,190,,LimeSurvey 66,
2025-10-09,Moore County,Noon - 4:30 PM,115,,LimeSurvey 66,
2025-10-10,Moore County,7:30 AM - Noon,49,,LimeSurvey 66,
2025-10-10,Moore County,Noon - 4:30 PM,34,,LimeSurvey 66,
2025-10-13,Moore County,7:30 AM - Noon,18,,LimeSurvey 63,
2025-10-13,Moore County,Noon - 4:30 PM,6,,LimeSurvey 63,
2025-10-14,Moore County,7:30 AM - Noon,27,,LimeSurvey 63,
2025-10-14,Moore County,Noon - 4:30 PM,15,,LimeSurvey 63,
2025-10-15,Moore County,4:30 PM - Close,5,,LimeSurvey 63,
2025-10-15,Moore County,7:30 AM - Noon,212,,LimeSurvey 63,
2025-10-15,Moore County,Noon - 4:30 PM,97,,LimeSurvey 63,
2025-10-16,Moore County,4:30 PM - Close,8,,LimeSurvey 63,
2025-10-16,Moore County,7:30 AM - Noon,143,,LimeSurvey 63,
2025-10-16,Moore County,Noon - 4:30 PM,85,,LimeSurvey 63,
2025-10-17,Moore County,7:30 AM - Noon,118,,LimeSurvey 63,
2025-10-17,Moore County,Noon - 4:30 PM,27,,LimeSurvey 63,
2025-10-20,Moore County,4:30 PM - Close,11,,LimeSurvey 46,
2025-10-20,Moore County,7:30 AM - Noon,194,,LimeSurvey 46,
2025-10-20,Moore County,Noon - 4:30 PM,112,,LimeSurvey 46,
2025-10-21,Moore County,4:30 PM - Close,18,,LimeSurvey 46,
2025-10-21,Moore County,7:30 AM - Noon,168,,LimeSurvey 46,
2025-10-21,Moore County,Noon - 4:30 PM,100,,LimeSurvey 46,
2025-10-22,Moore County,4:30 PM - Close,6,,LimeSurvey 46,
2025-10-22,Moore County,7:30 AM - Noon,200,,LimeSurvey 46,
2025-10-22,Moore County,Noon - 4:30 PM,142,,LimeSurvey 46,
2025-10-23,Moore County,4:30 PM - Close,16,,LimeSurvey 46,
2025-10-23,Moore County,7:30 AM - Noon,180,,LimeSurvey 46,
2025-10-23,Moore County,Noon - 4:30 PM,69,,LimeSurvey 46,
2025-10-24,Moore County,7:30 AM - Noon,146,,LimeSurvey 46,
2025-10-24,Moore County,Noon - 4:30 PM,28,,LimeSurvey 46,
2025-10-27,Moore County,4:30 PM - Close,6,,LimeSurvey 105,
2025-10-27,Moore County,7:30 AM - Noon,224,,LimeSurvey 105,
2025-10-27,Moore County,Noon - 4:30 PM,137,,LimeSurvey 105,
2025-10-28,Moore County,4:30 PM - Close,5,,LimeSurvey 105,
2025-10-28,Moore County,7:30 AM - Noon,147,,LimeSurvey 105,
2025-10-28,Moore County,Noon - 4:30 PM,67,,LimeSurvey 105,
2025-10-29,Moore County,4:30 PM - Close,5,,LimeSurvey 105,
2025-10-29,Moore County,7:30 AM - Noon,159,,LimeSurvey 105,
2025-10-29,Moore County,Noon - 4:30 PM,120,,LimeSurvey 105,
2025-10-30,Moore County,4:30 PM - Close,26,,LimeSurvey 105,
2025-10-30,Moore County,7:30 AM - Noon,159,,LimeSurvey 105,
2025-10-30,Moore County,Noon - 4:30 PM,83,,LimeSurvey 105,
2025-10-31,Moore County,7:30 AM - Noon,85,,LimeSurvey 105,
2025-10-31,Moore County,Noon - 4:30 PM,36,,LimeSurvey 105,
2025-11-02,Moore County,Noon - 4:30 PM,2,,LimeSurvey 101,
2025-11-03,Moore County,4:30 PM - Close,6,,LimeSurvey 101,
2025-11-03,Moore County,7:30 AM - Noon,188,,LimeSurvey 101,
2025-11-03,Moore County,Noon - 4:30 PM,84,,LimeSurvey 101,
2025-11-04,Moore County,4:30 PM - Close,14,,LimeSurvey 101,
2025-11-04,Moore County,7:30 AM - Noon,188,,LimeSurvey 101,
2025-11-04,Moore County,Noon - 4:30 PM,52,,LimeSurvey 101,
2025-11-05,Moore County,4:30 PM - Close,12,,LimeSurvey 101,
2025-11-05,Moore County,7:30 AM - Noon,184,,LimeSurvey 101,
2025-11-05,Moore County,Noon - 4:30 PM,79,,LimeSurvey 101,
2025-11-06,Moore County,4:30 PM - Close,11,,LimeSurvey 101,
2025-11-06,Moore County,7:30 AM - Noon,137,,LimeSurvey 101,
2025-11-06,Moore County,Noon - 4:30 PM,94,,LimeSurvey 101,
2025-11-07,Moore County,7:30 AM - Noon,67,,LimeSurvey 101,
2025-11-07,Moore County,Noon - 4:30 PM,28,,LimeSurvey 101,
2025-11-09,Moore County,Noon - 4:30 PM,2,,LimeSurvey 97,
2025-11-10,Moore County,4:30 PM - Close,18,,LimeSurvey 97,
2025-11-10,Moore County,7:30 AM - Noon,254,,LimeSurvey 97,
2025-11-10,Moore County,Noon - 4:30 PM,93,,LimeSurvey 97,
2025-11-11,Moore County,4:30 PM - Close,12,,LimeSurvey 97,
2025-11-11,Moore County,7:30 AM - Noon,158,,LimeSurvey 97,
2025-11-11,Moore County,Noon - 4:30 PM,56,,LimeSurvey 97,
2025-11-12,Moore County,4:30 PM - Close,18,,LimeSurvey 97,
2025-11-12,Moore County,7:30 AM - Noon,160,,LimeSurvey 97,
2025-11-12,Moore County,Noon - 4:30 PM,107,,LimeSurvey 97,
2025-11-13,Moore County,4:30 PM - Close,15,,LimeSurvey 97,
2025-11-13,Moore County,7:30 AM - Noon,148,,LimeSurvey 97,
2025-11-13,Moore County,Noon - 4:30 PM,85,,LimeSurvey 97,
2025-11-14,Moore County,4:30 PM - Close,5,,LimeSurvey 97,
2025-11-14,Moore County,7:30 AM - Noon,100,,LimeSurvey 97,
2025-11-14,Moore County,Noon - 4:30 PM,50,,LimeSurvey 97,
2025-11-16,Moore County,Noon - 4:30 PM,8,,LimeSurvey 94,
2025-11-17,Moore County,4:30 PM - Close,13,,LimeSurvey 94,
2025-11-17,Moore County,7:30 AM - Noon,231,,LimeSurvey 94,
2025-11-17,Moore County,Noon - 4:30 PM,116,,LimeSurvey 94,
2025-11-18,Moore County,4:30 PM - Close,7,,LimeSurvey 94,
2025-11-18,Moore County,7:30 AM - Noon,167,,LimeSurvey 94,
2025-11-18,Moore County,Noon - 4:30 PM,94,,LimeSurvey 94,
2025-11-19,Moore County,4:30 PM - Close,9,,LimeSurvey 94,
2025-11-19,Moore County,7:30 AM - Noon,199,,LimeSurvey 94,
2025-11-19,Moore County,Noon - 4:30 PM,73,,LimeSurvey 94,
2025-11-20,Moore County,4:30 PM - Close,2,,LimeSurvey 94,
2025-11-20,Moore County,7:30 AM - Noon,168,,LimeSurvey 94,
2025-11-20,Moore County,Noon - 4:30 PM,83,,LimeSurvey 94,
2025-11-21,Moore County,7:30 AM - Noon,107,,LimeSurvey 94,
2025-11-21,Moore County,Noon - 4:30 PM,38,,LimeSurvey 94,
2025-11-24,Moore County,4:30 PM - Close,15,,LimeSurvey 69,
2025-11-24,Moore County,7:30 AM - Noon,195,,LimeSurvey 69,
2025-11-24,Moore County,Noon - 4:30 PM,53,,LimeSurvey 69,
2025-11-25,Moore County,Noon - 4:30 PM,177,,LimeSurvey 69,
2025-11-26,Moore County,Noon - 4:30 PM,43,,LimeSurvey 69,
2025-11-30,Moore County,7:30 AM - Noon,3,,LimeSurvey 61,
2025-12-01,Moore County,4:30 PM - Close,16,,LimeSurvey 61,
2025-12-01,Moore County,7:30 AM - Noon,200,,LimeSurvey 61,
2025-12-01,Moore County,Noon - 4:30 PM,109,,LimeSurvey 61,
2025-12-02,Moore County,4:30 PM - Close,13,,LimeSurvey 61,
2025-12-02,Moore County,7:30 AM - Noon,130,,LimeSurvey 61,
2025-12-02,Moore County,Noon - 4:30 PM,92,,LimeSurvey 61,
2025-12-03,Moore County,4:30 PM - Close,10,,LimeSurvey 61,
2025-12-03,Moore County,7:30 AM - Noon,194,,LimeSurvey 61,
2025-12-03,Moore County,Noon - 4:30 PM,64,,LimeSurvey 61,
2025-12-04,Moore County,7:30 AM - Noon,138,,LimeSurvey 61,
2025-12-05,Moore County,7:30 AM - Noon,117,,LimeSurvey 61,
2025-12-07,Moore County,Noon - 4:30 PM,4,,LimeSurvey 53,
2025-12-08,Moore County,4:30 PM - Close,16,,LimeSurvey 53,
2025-12-08,Moore County,7:30 AM - Noon,198,,LimeSurvey 53,
2025-12-08,Moore County,Noon - 4:30 PM,85,,LimeSurvey 53,
2025-12-09,Moore County,4:30 PM - Close,16,,LimeSurvey 53,
2025-12-09,Moore County,7:30 AM - Noon,128,,LimeSurvey 53,
2025-12-09,Moore County,Noon - 4:30 PM,37,,LimeSurvey 53,
2025-12-10,Moore County,4:30 PM - Close,6,,LimeSurvey 53,
2025-12-10,Moore County,7:30 AM - Noon,86,,LimeSurvey 53,
2025-12-10,Moore County,Noon - 4:30 PM,36,,LimeSurvey 53,
2025-12-11,Moore County,4:30 PM - Close,10,,LimeSurvey 53,
2025-12-11,Moore County,7:30 AM - Noon,93,,LimeSurvey 53,
2025-12-11,Moore County,Noon - 4:30 PM,34,,LimeSurvey 53,
2025-12-12,Moore County,7:30 AM - Noon,25,,LimeSurvey 53,
2025-12-12,Moore County,Noon - 4:30 PM,24,,LimeSurvey 53,
2025-12-16,Moore County,7:30 AM - Noon,135,,LimeSurvey 48,
2025-12-16,Moore County,Noon - 4:30 PM,12,,LimeSurvey 48,
2025-12-17,Moore County,7:30 AM - Noon,27,,LimeSurvey 48,
2025-12-17,Moore County,Noon - 4:30 PM,16,,LimeSurvey 48,
2025-12-18,Moore County,7:30 AM - Noon,41,,LimeSurvey 48,
2025-12-18,Moore County,Noon - 4:30 PM,20,,LimeSurvey 48,
2025-12-19,Moore County,7:30 AM - Noon,11,,LimeSurvey 48,
2026-01-05,Moore County,7:30 AM - Noon,38,,LimeSurvey 90,
2026-01-06,Moore County,7:30 AM - Noon,41,,LimeSurvey 90,
2026-01-07,Moore County,4:30 PM - Close,63,,LimeSurvey 90,
2026-01-07,Moore County,7:30 AM - Noon,37,,LimeSurvey 90,
2026-01-07,Moore County,Noon - 4:30 PM,6,,LimeSurvey 90,
2026-01-08,Moore County,7:30 AM - Noon,28,,LimeSurvey 90,
2026-01-09,Moore County,7:30 AM - Noon,35,,LimeSurvey 90,
2026-01-09,Moore County,Noon - 4:30 PM,5,,LimeSurvey 90,
2026-01-11,Moore County,7:30 AM - Noon,54,,LimeSurvey 86,
2026-01-12,Moore County,Noon - 4:30 PM,37,,LimeSurvey 86,
2026-01-13,Moore County,7:30 AM - Noon,82,,LimeSurvey 86,
2026-01-13,Moore County,Noon - 4:30 PM,14,,LimeSurvey 86,
2026-01-14,Moore County,7:30 AM - Noon,43,,LimeSurvey 86,
2026-01-15,Moore County,Noon - 4:30 PM,16,,LimeSurvey 86,
2026-01-16,Moore County,Noon - 4:30 PM,47,,LimeSurvey 86,
2026-01-19,Moore County,4:30 PM - Close,0,,LimeSurvey 79,
2026-01-19,Moore County,7:30 AM - Noon,0,,LimeSurvey 79,
2026-01-19,Moore County,Noon - 4:30 PM,0,,LimeSurvey 79,
2026-01-20,Moore County,4:30 PM - Close,1,,LimeSurvey 79,
2026-01-20,Moore County,7:30 AM - Noon,130,,LimeSurvey 79,
2026-01-20,Moore County,Noon - 4:30 PM,95,,LimeSurvey 79,
2026-01-21,Moore County,4:30 PM - Close,6,,LimeSurvey 79,
2026-01-21,Moore County,7:30 AM - Noon,176,,LimeSurvey 79,
2026-01-21,Moore County,Noon - 4:30 PM,70,,LimeSurvey 79,
2026-01-22,Moore County,4:30 PM - Close,4,,LimeSurvey 79,
2026-01-22,Moore County,7:30 AM - Noon,156,,LimeSurvey 79,
2026-01-22,Moore County,Noon - 4:30 PM,60,,LimeSurvey 79,
2026-01-23,Moore County,7:30 AM - Noon,47,,LimeSurvey 79,
2026-01-23,Moore County,Noon - 4:30 PM,19,,LimeSurvey 79,
2026-02-02,Moore County,4:30 PM - Close,5,,LimeSurvey 109,
2026-02-02,Moore County,7:30 AM - Noon,189,,LimeSurvey 109,
2026-02-02,Moore County,Noon - 4:30 PM,122,,LimeSurvey 109,
2026-02-03,Moore County,4:30 PM - Close,6,,LimeSurvey 109,
2026-02-03,Moore County,7:30 AM - Noon,145,,LimeSurvey 109,
2026-02-03,Moore County,Noon - 4:30 PM,74,,LimeSurvey 109,
2026-02-04,Moore County,4:30 PM - Close,4,,LimeSurvey 109,
2026-02-04,Moore County,7:30 AM - Noon,124,,LimeSurvey 109,
2026-02-04,Moore County,Noon - 4:30 PM,78,,LimeSurvey 109,
2026-02-05,Moore County,4:30 PM - Close,10,,LimeSurvey 109,
2026-02-05,Moore County,7:30 AM - Noon,148,,LimeSurvey 109,
2026-02-05,Moore County,Noon - 4:30 PM,60,,LimeSurvey 109,
2026-02-06,Moore County,7:30 AM - Noon,45,,LimeSurvey 109,
2026-02-06,Moore County,Noon - 4:30 PM,64,,LimeSurvey 109,
2026-02-08,Moore County,Noon - 4:30 PM,3,,LimeSurvey 116,
2026-02-09,Moore County,4:30 PM - Close,8,,LimeSurvey 116,
2026-02-09,Moore County,7:30 AM - Noon,144,,LimeSurvey 116,
2026-02-09,Moore County,Noon - 4:30 PM,80,,LimeSurvey 116,
2026-02-10,Moore County,4:30 PM - Close,5,,LimeSurvey 116,
2026-02-10,Moore County,7:30 AM - Noon,105,,LimeSurvey 116,
2026-02-10,Moore County,Noon - 4:30 PM,83,,LimeSurvey 116,
2026-02-11,Moore County,4:30 PM - Close,7,,LimeSurvey 116,
2026-02-11,Moore County,7:30 AM - Noon,112,,LimeSurvey 116,
2026-02-11,Moore County,Noon - 4:30 PM,114,,LimeSurvey 116,
2026-02-12,Moore County,4:30 PM - Close,5,,LimeSurvey 116,
2026-02-12,Moore County,7:30 AM - Noon,111,,LimeSurvey 116,
2026-02-12,Moore County,Noon - 4:30 PM,55,,LimeSurvey 116,
2026-02-13,Moore County,7:30 AM - Noon,53,,LimeSurvey 116,
2026-02-13,Moore County,Noon - 4:30 PM,40,,LimeSurvey 116,
2026-02-15,Moore County,Noon - 4:30 PM,4,,LimeSurvey 119,
2026-02-16,Moore County,4:30 PM - Close,7,,LimeSurvey 119,
2026-02-16,Moore County,7:30 AM - Noon,156,,LimeSurvey 119,
2026-02-16,Moore County,Noon - 4:30 PM,80,,LimeSurvey 119,
2026-02-17,Moore County,4:30 PM - Close,8,,LimeSurvey 119,
2026-02-17,Moore County,7:30 AM - Noon,129,,LimeSurvey 119,
2026-02-17,Moore County,Noon - 4:30 PM,85,,LimeSurvey 119,
2026-02-18,Moore County,4:30 PM - Close,4,,LimeSurvey 119,
2026-02-18,Moore County,7:30 AM - Noon,127,,LimeSurvey 119,
2026-02-18,Moore County,Noon - 4:30 PM,54,,LimeSurvey 119,
2026-02-19,Moore County,4:30 PM - Close,9,,LimeSurvey 119,
2026-02-19,Moore County,7:30 AM - Noon,145,,LimeSurvey 119,
2026-02-19,Moore County,Noon - 4:30 PM,90,,LimeSurvey 119,
2026-02-20,Moore County,7:30 AM - Noon,24,,LimeSurvey 119,
2026-02-20,Moore County,Noon - 4:30 PM,28,,LimeSurvey 119,
2026-02-22,Moore County,Noon - 4:30 PM,6,,LimeSurvey 121,
2026-02-23,Moore County,4:30 PM - Close,17,,LimeSurvey 121,
2026-02-23,Moore County,7:30 AM - Noon,114,,LimeSurvey 121,
2026-02-23,Moore County,Noon - 4:30 PM,101,,LimeSurvey 121,
2026-02-24,Moore County,4:30 PM - Close,18,,LimeSurvey 121,
2026-02-24,Moore County,7:30 AM - Noon,121,,LimeSurvey 121,
2026-02-24,Moore County,Noon - 4:30 PM,80,,LimeSurvey 121,
2026-02-25,Moore County,4:30 PM - Close,8,,LimeSurvey 121,
2026-02-25,Moore County,7:30 AM - Noon,136,,LimeSurvey 121,
2026-02-25,Moore County,Noon - 4:30 PM,64,,LimeSurvey 121,
2026-02-26,Moore County,4:30 PM - Close,11,,LimeSurvey 121,
2026-02-26,Moore County,7:30 AM - Noon,161,,LimeSurvey 121,
2026-02-26,Moore County,Noon - 4:30 PM,82,,LimeSurvey 121,
2026-02-27,Moore County,7:30 AM - Noon,56,,LimeSurvey 121,
2026-03-01,Moore County,Noon - 4:30 PM,5,,LimeSurvey 131,
2026-03-02,Moore County,4:30 PM - Close,11,,LimeSurvey 131,
2026-03-02,Moore County,7:30 AM - Noon,110,,LimeSurvey 131,
2026-03-02,Moore County,Noon - 4:30 PM,75,,LimeSurvey 131,
2026-03-03,Moore County,4:30 PM - Close,4,,LimeSurvey 131,
2026-03-03,Moore County,7:30 AM - Noon,126,,LimeSurvey 131,
2026-03-03,Moore County,Noon - 4:30 PM,70,,LimeSurvey 131,
2026-03-04,Moore County,4:30 PM - Close,3,,LimeSurvey 131,
2026-03-04,Moore County,7:30 AM - Noon,184,,LimeSurvey 131,
2026-03-04,Moore County,Noon - 4:30 PM,58,,LimeSurvey 131,
2026-03-05,Moore County,4:30 PM - Close,6,,LimeSurvey 131,
2026-03-05,Moore County,7:30 AM - Noon,156,,LimeSurvey 131,
2026-03-05,Moore County,Noon - 4:30 PM,61,,LimeSurvey 131,
2026-03-06,Moore County,7:30 AM - Noon,63,,LimeSurvey 131,
2026-03-06,Moore County,Noon - 4:30 PM,55,,LimeSurvey 131,
2026-03-09,Moore County,7:30 AM - Noon,78,,LimeSurvey 132,
2026-03-09,Moore County,Noon - 4:30 PM,15,,LimeSurvey 132,
2026-03-10,Moore County,7:30 AM - Noon,91,,LimeSurvey 132,
2026-03-10,Moore County,Noon - 4:30 PM,2,,LimeSurvey 132,
2026-03-11,Moore County,7:30 AM - Noon,48,,LimeSurvey 132,
2026-03-12,Moore County,7:30 AM - Noon,35,,LimeSurvey 132,
2026-03-12,Moore County,Noon - 4:30 PM,15,,LimeSurvey 132,
2026-03-13,Moore County,7:30 AM - Noon,23,,LimeSurvey 132,
2026-03-13,Moore County,Noon - 4:30 PM,3,,LimeSurvey 132,
2026-03-15,Moore County,Noon - 4:30 PM,1,,LimeSurvey 135,
2026-03-16,Moore County,7:30 AM - Noon,156,,LimeSurvey 135,
2026-03-16,Moore County,Noon - 4:30 PM,28,,LimeSurvey 135,
2026-03-17,Moore County,4:30 PM - Close,16,,LimeSurvey 135,
2026-03-17,Moore County,7:30 AM - Noon,112,,LimeSurvey 135,
2026-03-17,Moore County,Noon - 4:30 PM,66,,LimeSurvey 135,
2026-03-18,Moore County,4:30 PM - Close,6,,LimeSurvey 135,
2026-03-18,Moore County,7:30 AM - Noon,150,,LimeSurvey 135,
2026-03-18,Moore County,Noon - 4:30 PM,92,,LimeSurvey 135,
2026-03-19,Moore County,4:30 PM - Close,7,,LimeSurvey 135,
2026-03-19,Moore County,7:30 AM - Noon,173,,LimeSurvey 135,
2026-03-19,Moore County,Noon - 4:30 PM,76,,LimeSurvey 135,
2026-03-20,Moore County,7:30 AM - Noon,21,,LimeSurvey 135,
2026-03-20,Moore County,Noon - 4:30 PM,5,,LimeSurvey 135,
2026-03-22,Moore County,Noon - 4:30 PM,3,,LimeSurvey 143,
2026-03-23,Moore County,4:30 PM - Close,11,,LimeSurvey 143,
2026-03-23,Moore County,7:30 AM - Noon,159,,LimeSurvey 143,
2026-03-23,Moore County,Noon - 4:30 PM,54,,LimeSurvey 143,
2026-03-24,Moore County,4:30 PM - Close,10,,LimeSurvey 143,
2026-03-24,Moore County,7:30 AM - Noon,160,,LimeSurvey 143,
2026-03-24,Moore County,Noon - 4:30 PM,53,,LimeSurvey 143,
2026-03-25,Moore County,4:30 PM - Close,7,,LimeSurvey 143,
2026-03-25,Moore County,7:30 AM - Noon,146,,LimeSurvey 143,
2026-03-25,Moore County,Noon - 4:30 PM,49,,LimeSurvey 143,
2026-03-26,Moore County,4:30 PM - Close,10,,LimeSurvey 143,
2026-03-26,Moore County,7:30 AM - Noon,122,,LimeSurvey 143,
2026-03-26,Moore County,Noon - 4:30 PM,51,,LimeSurvey 143,
2026-03-27,Moore County,7:30 AM - Noon,34,,LimeSurvey 143,
2026-03-27,Moore County,Noon - 4:30 PM,18,,LimeSurvey 143,
2026-03-29,Moore County,Noon - 4:30 PM,6,,LimeSurvey 146,
2026-03-30,Moore County,7:30 AM - Noon,197,,LimeSurvey 146,
2026-03-30,Moore County,Noon - 4:30 PM,9,,LimeSurvey 146,
2026-03-31,Moore County,4:30 PM - Close,6,,LimeSurvey 146,
2026-03-31,Moore County,7:30 AM - Noon,128,,LimeSurvey 146,
2026-03-31,Moore County,Noon - 4:30 PM,47,,LimeSurvey 146,
2026-04-01,Moore County,4:30 PM - Close,6,,LimeSurvey 146,
2026-04-01,Moore County,7:30 AM - Noon,154,,LimeSurvey 146,
2026-04-01,Moore County,Noon - 4:30 PM,36,,LimeSurvey 146,
2026-04-02,Moore County,4:30 PM - Close,11,,LimeSurvey 146,
2026-04-02,Moore County,7:30 AM - Noon,124,,LimeSurvey 146,
2026-04-02,Moore County,Noon - 4:30 PM,78,,LimeSurvey 146,
2026-04-03,Moore County,7:30 AM - Noon,29,,LimeSurvey 146,
2026-04-03,Moore County,Noon - 4:30 PM,15,,LimeSurvey 146,
2026-04-06,Moore County,4:30 PM - Close,7,,LimeSurvey 149,
2026-04-06,Moore County,7:30 AM - Noon,102,,LimeSurvey 149,
2026-04-06,Moore County,Noon - 4:30 PM,70,,LimeSurvey 149,
2026-04-07,Moore County,4:30 PM - Close,20,,LimeSurvey 149,
2026-04-07,Moore County,7:30 AM - Noon,111,,LimeSurvey 149,
2026-04-07,Moore County,Noon - 4:30 PM,78,,LimeSurvey 149,
2026-04-08,Moore County,4:30 PM - Close,8,,LimeSurvey 149,
2026-04-08,Moore County,7:30 AM - Noon,142,,LimeSurvey 149,
2026-04-08,Moore County,Noon - 4:30 PM,58,,LimeSurvey 149,
2026-04-09,Moore County,4:30 PM - Close,11,,LimeSurvey 149,
2026-04-09,Moore County,7:30 AM - Noon,111,,LimeSurvey 149,
2026-04-09,Moore County,Noon - 4:30 PM,91,,LimeSurvey 149,
2026-04-10,Moore County,7:30 AM - Noon,67,,LimeSurvey 149,
2026-04-10,Moore County,Noon - 4:30 PM,19,,LimeSurvey 149,
2026-04-12,Moore County,Noon - 4:30 PM,8,,LimeSurvey 151,
2026-04-13,Moore County,4:30 PM - Close,12,,LimeSurvey 151,
2026-04-13,Moore County,7:30 AM - Noon,101,,LimeSurvey 151,
2026-04-13,Moore County,Noon - 4:30 PM,62,,LimeSurvey 151,
2026-04-14,Moore County,4:30 PM - Close,11,,LimeSurvey 151,
2026-04-14,Moore County,7:30 AM - Noon,118,,LimeSurvey 151,
2026-04-14,Moore County,Noon - 4:30 PM,59,,LimeSurvey 151,
2026-04-15,Moore County,4:30 PM - Close,19,,LimeSurvey 151,
2026-04-15,Moore County,7:30 AM - Noon,112,,LimeSurvey 151,
2026-04-15,Moore County,Noon - 4:30 PM,73,,LimeSurvey 151,
2026-04-16,Moore County,4:30 PM - Close,8,,LimeSurvey 151,
2026-04-16,Moore County,7:30 AM - Noon,144,,LimeSurvey 151,
2026-04-16,Moore County,Noon - 4:30 PM,59,,LimeSurvey 151,
2026-04-17,Moore County,7:30 AM - Noon,41,,LimeSurvey 151,
2026-04-17,Moore County,Noon - 4:30 PM,51,,LimeSurvey 151,
2026-04-19,Moore County,Noon - 4:30 PM,7,,LimeSurvey 155,
2026-04-20,Moore County,4:30 PM - Close,13,,LimeSurvey 155,
2026-04-20,Moore County,7:30 AM - Noon,136,,LimeSurvey 155,
2026-04-20,Moore County,Noon - 4:30 PM,42,,LimeSurvey 155,
2026-04-21,Moore County,4:30 PM - Close,10,,LimeSurvey 155,
2026-04-21,Moore County,7:30 AM - Noon,132,,LimeSurvey 155,
2026-04-21,Moore County,Noon - 4:30 PM,67,,LimeSurvey 155,
2026-04-22,Moore County,4:30 PM - Close,8,,LimeSurvey 155,
2026-04-22,Moore County,7:30 AM - Noon,114,,LimeSurvey 155,
2026-04-22,Moore County,Noon - 4:30 PM,59,,LimeSurvey 155,
2026-04-23,Moore County,4:30 PM - Close,13,,LimeSurvey 155,
2026-04-23,Moore County,7:30 AM - Noon,126,,LimeSurvey 155,
2026-04-23,Moore County,Noon - 4:30 PM,80,,LimeSurvey 155,
2026-04-24,Moore County,7:30 AM - Noon,34,,LimeSurvey 155,
2026-04-24,Moore County,Noon - 4:30 PM,21,,LimeSurvey 155,
2026-04-26,Moore County,Noon - 4:30 PM,3,,LimeSurvey 158,
2026-04-27,Moore County,4:30 PM - Close,13,,LimeSurvey 158,
2026-04-27,Moore County,7:30 AM - Noon,205,,LimeSurvey 158,
2026-04-27,Moore County,Noon - 4:30 PM,56,,LimeSurvey 158,
2026-04-28,Moore County,4:30 PM - Close,8,,LimeSurvey 158,
2026-04-28,Moore County,7:30 AM - Noon,137,,LimeSurvey 158,
2026-04-28,Moore County,Noon - 4:30 PM,79,,LimeSurvey 158,
2026-04-29,Moore County,4:30 PM - Close,11,,LimeSurvey 158,
2026-04-29,Moore County,7:30 AM - Noon,192,,LimeSurvey 158,
2026-04-29,Moore County,Noon - 4:30 PM,35,,LimeSurvey 158,
2026-04-30,Moore County,4:30 PM - Close,13,,LimeSurvey 158,
2026-04-30,Moore County,7:30 AM - Noon,150,,LimeSurvey 158,
2026-04-30,Moore County,Noon - 4:30 PM,54,,LimeSurvey 158,
2026-05-01,Moore County,7:30 AM - Noon,25,,LimeSurvey 158,
2026-05-01,Moore County,Noon - 4:30 PM,28,,LimeSurvey 158,
2026-05-04,Moore County,4:30 PM - Close,8,,LimeSurvey 161,
2026-05-04,Moore County,7:30 AM - Noon,123,,LimeSurvey 161,
2026-05-04,Moore County,Noon - 4:30 PM,59,,LimeSurvey 161,
2026-05-05,Moore County,4:30 PM - Close,15,,LimeSurvey 161,
2026-05-05,Moore County,7:30 AM - Noon,130,,LimeSurvey 161,
2026-05-05,Moore County,Noon - 4:30 PM,54,,LimeSurvey 161,
2026-05-06,Moore County,4:30 PM - Close,0,,LimeSurvey 161,
2026-05-06,Moore County,7:30 AM - Noon,124,,LimeSurvey 161,
2026-05-06,Moore County,Noon - 4:30 PM,6,,LimeSurvey 161,
2026-05-07,Moore County,4:30 PM - Close,3,,LimeSurvey 161,
2026-05-07,Moore County,7:30 AM - Noon,70,,LimeSurvey 161,
2026-05-07,Moore County,Noon - 4:30 PM,55,,LimeSurvey 161,
2026-05-08,Moore County,7:30 AM - Noon,40,,LimeSurvey 161,
2026-05-08,Moore County,Noon - 4:30 PM,31,,LimeSurvey 161,
2026-05-11,Moore County,7:30 AM - Noon,24,,LimeSurvey 174,
2026-05-11,Moore County,Noon - 4:30 PM,2,,LimeSurvey 174,
2026-05-12,Moore County,7:30 AM - Noon,28,,LimeSurvey 174,
2026-05-12,Moore County,Noon - 4:30 PM,8,,LimeSurvey 174,
2026-05-13,Moore County,Noon - 4:30 PM,97,,LimeSurvey 174,
2026-05-14,Moore County,7:30 AM - Noon,98,,LimeSurvey 174,
2026-05-14,Moore County,Noon - 4:30 PM,26,,LimeSurvey 174,
2026-05-15,Moore County,7:30 AM - Noon,16,,LimeSurvey 174,
2026-05-15,Moore County,Noon - 4:30 PM,5,,LimeSurvey 174,
2026-05-18,Moore County,7:30 AM - Noon,41,,LimeSurvey 175,
2026-05-18,Moore County,Noon - 4:30 PM,11,,LimeSurvey 175,
2026-05-19,Moore County,7:30 AM - Noon,23,,LimeSurvey 175,
2026-05-19,Moore County,Noon - 4:30 PM,6,,LimeSurvey 175,
2026-05-20,Moore County,Noon - 4:30 PM,31,,LimeSurvey 175,
2026-05-21,Moore County,Noon - 4:30 PM,44,,LimeSurvey 175,
2026-05-22,Moore County,Noon - 4:30 PM,82,,LimeSurvey 175,
2026-05-26,Moore County,7:30 AM - Noon,29,,LimeSurvey 177,
2026-05-26,Moore County,Noon - 4:30 PM,18,,LimeSurvey 177,
2026-05-27,Moore County,7:30 AM - Noon,24,,LimeSurvey 177,
2026-05-27,Moore County,Noon - 4:30 PM,20,,LimeSurvey 177,
2026-05-28,Moore County,7:30 AM - Noon,13,,LimeSurvey 177,
2026-05-28,Moore County,Noon - 4:30 PM,5,,LimeSurvey 177,
2026-05-29,Moore County,7:30 AM - Noon,17,,LimeSurvey 177,
2026-05-29,Moore County,Noon - 4:30 PM,5,,LimeSurvey 177,
2026-06-01,Moore County,7:30 AM - Noon,23,,LimeSurvey 180,
2026-06-01,Moore County,Noon - 4:30 PM,29,,LimeSurvey 180,
2026-06-02,Moore County,7:30 AM - Noon,40,,LimeSurvey 180,
2026-06-02,Moore County,Noon - 4:30 PM,15,,LimeSurvey 180,
2026-06-03,Moore County,Noon - 4:30 PM,53,,LimeSurvey 180,
2026-06-04,Moore County,Noon - 4:30 PM,50,,LimeSurvey 180,
2026-06-05,Moore County,Noon - 4:30 PM,86,,LimeSurvey 180,
2026-06-08,Moore County,7:30 AM - Noon,46,,LimeSurvey 182,
2026-06-08,Moore County,Noon - 4:30 PM,11,,LimeSurvey 182,
2026-06-09,Moore County,7:30 AM - Noon,46,,LimeSurvey 182,
2026-06-09,Moore County,Noon - 4:30 PM,27,,LimeSurvey 182,
2026-06-10,Moore County,7:30 AM - Noon,54,,LimeSurvey 182,
2026-06-10,Moore County,Noon - 4:30 PM,19,,LimeSurvey 182,
2026-06-11,Moore County,7:30 AM - Noon,49,,LimeSurvey 182,
2026-06-11,Moore County,Noon - 4:30 PM,10,,LimeSurvey 182,
2026-06-12,Moore County,Noon - 4:30 PM,54,,LimeSurvey 182,
2026-06-15,Moore County,7:30 AM - Noon,6,,LimeSurvey 184,
2026-06-15,Moore County,Noon - 4:30 PM,7,,LimeSurvey 184,
2026-06-16,Moore County,7:30 AM - Noon,57,,LimeSurvey 184,
2026-06-16,Moore County,Noon - 4:30 PM,27,,LimeSurvey 184,
2026-06-17,Moore County,Noon - 4:30 PM,50,,LimeSurvey 184,
2026-06-18,Moore County,Noon - 4:30 PM,72,,LimeSurvey 184,
2026-06-22,Moore County,7:30 AM - Noon,19,,LimeSurvey 186,
2026-06-22,Moore County,Noon - 4:30 PM,9,,LimeSurvey 186,
2026-06-23,Moore County,Noon - 4:30 PM,60,,LimeSurvey 186,
2026-06-24,Moore County,Noon - 4:30 PM,73,,LimeSurvey 186,
2026-06-25,Moore County,7:30 AM - Noon,0,,LimeSurvey 186,
2026-06-25,Moore County,Noon - 4:30 PM,64,,LimeSurvey 186,
2026-06-26,Moore County,7:30 AM - Noon,21,,LimeSurvey 186,
2026-06-26,Moore County,Noon - 4:30 PM,18,,LimeSurvey 186,
2026-06-29,Moore County,7:30 AM - Noon,88,,LimeSurvey 193,
2026-06-30,Moore County,7:30 AM - Noon,28,,LimeSurvey 193,
2026-06-30,Moore County,Noon - 4:30 PM,19,,LimeSurvey 193,
2026-07-01,Moore County,7:30 AM - Noon,46,,LimeSurvey 193,
2026-07-01,Moore County,Noon - 4:30 PM,12,,LimeSurvey 193,
2026-07-02,Moore County,7:30 AM - Noon,37,,LimeSurvey 193,
2026-07-02,Moore County,Noon - 4:30 PM,9,,LimeSurvey 193,
2026-07-03,Moore County,7:30 AM - Noon,31,,LimeSurvey 193,
2026-07-03,Moore County,Noon - 4:30 PM,13,,LimeSurvey 193,
2026-07-06,Moore County,7:30 AM - Noon,11,,LimeSurvey 194,
2026-07-06,Moore County,Noon - 4:30 PM,8,,LimeSurvey 194,
2026-07-07,Moore County,7:30 AM - Noon,37,,LimeSurvey 194,
2026-07-07,Moore County,Noon - 4:30 PM,22,,LimeSurvey 194,
2026-07-08,Moore County,7:30 AM - Noon,22,,LimeSurvey 194,
2026-07-08,Moore County,Noon - 4:30 PM,10,,LimeSurvey 194,
2026-07-09,Moore County,7:30 AM - Noon,11,,LimeSurvey 194,
2026-07-09,Moore County,Noon - 4:30 PM,6,,LimeSurvey 194,
2026-07-10,Moore County,7:30 AM - Noon,21,,LimeSurvey 194,
2026-07-10,Moore County,Noon - 4:30 PM,7,,LimeSurvey 194,
2026-07-13,Moore County,7:30 AM - Noon,16,,LimeSurvey 197,
2026-07-13,Moore County,Noon - 4:30 PM,12,,LimeSurvey 197,
2026-07-14,Moore County,7:30 AM - Noon,37,,LimeSurvey 197,
2026-07-14,Moore County,Noon - 4:30 PM,7,,LimeSurvey 197,
2026-07-15,Moore County,7:30 AM - Noon,40,,LimeSurvey 197,
2026-07-16,Moore County,7:30 AM - Noon,40,,LimeSurvey 197,
2026-07-17,Moore County,7:30 AM - Noon,72,,LimeSurvey 197,
2026-07-17,Moore County,Noon - 4:30 PM,19,,LimeSurvey 197,
2026-07-19,Moore County,Noon - 4:30 PM,18,,LimeSurvey 200,
2026-07-20,Moore County,7:30 AM - Noon,30,,LimeSurvey 200,
2026-07-21,Moore County,7:30 AM - Noon,33,,LimeSurvey 200,
2026-07-22,Moore County,7:30 AM - Noon,17,,LimeSurvey 200,
2026-07-22,Moore County,Noon - 4:30 PM,15,,LimeSurvey 200,
2026-07-23,Moore County,7:30 AM - Noon,33,,LimeSurvey 200,
2026-07-23,Moore County,Noon - 4:30 PM,38,,LimeSurvey 200,
2026-07-24,Moore County,7:30 AM - Noon,40,,LimeSurvey 200,
2026-07-25,Moore County,7:30 AM - Noon,56,,LimeSurvey 200,
2026-07-27,Moore County,7:30 AM - Noon,29,,LimeSurvey 201,
2026-07-28,Moore County,7:30 AM - Noon,4,,LimeSurvey 201,
2026-07-28,Moore County,Noon - 4:30 PM,34,,LimeSurvey 201,
2026-07-29,Moore County,7:30 AM - Noon,93,,LimeSurvey 201,
2026-07-30,Moore County,7:30 AM - Noon,82,,LimeSurvey 201,
2026-07-31,Moore County,7:30 AM - Noon,86,,LimeSurvey 201,
2026-08-03,Moore County,7:30 AM - Noon,66,,LimeSurvey 203,
2026-08-03,Moore County,Noon - 4:30 PM,33,,LimeSurvey 203,
2026-08-05,Moore County,Noon - 4:30 PM,67,,LimeSurvey 203,
2026-08-06,Moore County,7:30 AM - Noon,36,,LimeSurvey 203,
2026-08-06,Moore County,Noon - 4:30 PM,9,,LimeSurvey 203,
2026-08-07,Moore County,7:30 AM - Noon,25,,LimeSurvey 203,
2026-08-07,Moore County,Noon - 4:30 PM,10,,LimeSurvey 203,
2026-08-17,Moore County,7:30 AM - Noon,4,,LimeSurvey 208,
2026-08-17,Moore County,Noon - 4:30 PM,58,,LimeSurvey 208,
2026-08-18,Moore County,7:30 AM - Noon,57,,LimeSurvey 208,
2026-08-18,Moore County,Noon - 4:30 PM,30,,LimeSurvey 208,
2026-08-19,Moore County,7:30 AM - Noon,50,,LimeSurvey 208,
2026-08-21,Moore County,7:30 AM - Noon,94,,LimeSurvey 208,
2026-08-21,Moore County,Noon - 4:30 PM,34,,LimeSurvey 208,
2025-09-22,Smyrna,4:30 PM - Close,21,,LimeSurvey 83,
2025-09-22,Smyrna,7:30 AM - Noon,211,,LimeSurvey 83,
2025-09-22,Smyrna,Noon - 4:30 PM,201,,LimeSurvey 83,
2025-09-23,Smyrna,4:30 PM - Close,29,,LimeSurvey 83,
2025-09-23,Smyrna,7:30 AM - Noon,216,,LimeSurvey 83,
2025-09-23,Smyrna,Noon - 4:30 PM,126,,LimeSurvey 83,
2025-09-24,Smyrna,4:30 PM - Close,28,,LimeSurvey 83,
2025-09-24,Smyrna,7:30 AM - Noon,190,,LimeSurvey 83,
2025-09-24,Smyrna,Noon - 4:30 PM,176,,LimeSurvey 83,
2025-09-25,Smyrna,4:30 PM - Close,30,,LimeSurvey 83,
2025-09-25,Smyrna,7:30 AM - Noon,126,,LimeSurvey 83,
2025-09-25,Smyrna,Noon - 4:30 PM,175,,LimeSurvey 83,
2025-09-26,Smyrna,7:30 AM - Noon,34,,LimeSurvey 83,
2025-09-26,Smyrna,Noon - 4:30 PM,53,,LimeSurvey 83,
2025-09-27,Smyrna,7:30 AM - Noon,5,,LimeSurvey 83,
2025-09-27,Smyrna,Noon - 4:30 PM,3,,LimeSurvey 83,
2025-09-29,Smyrna,4:30 PM - Close,23,,LimeSurvey 75,
2025-09-29,Smyrna,7:30 AM - Noon,177,,LimeSurvey 75,
2025-09-29,Smyrna,Noon - 4:30 PM,163,,LimeSurvey 75,
2025-09-30,Smyrna,4:30 PM - Close,29,,LimeSurvey 75,
2025-09-30,Smyrna,7:30 AM - Noon,168,,LimeSurvey 75,
2025-09-30,Smyrna,Noon - 4:30 PM,157,,LimeSurvey 75,
2025-10-01,Smyrna,4:30 PM - Close,32,,LimeSurvey 75,
2025-10-01,Smyrna,7:30 AM - Noon,176,,LimeSurvey 75,
2025-10-01,Smyrna,Noon - 4:30 PM,166,,LimeSurvey 75,
2025-10-02,Smyrna,4:30 PM - Close,30,,LimeSurvey 75,
2025-10-02,Smyrna,7:30 AM - Noon,146,,LimeSurvey 75,
2025-10-02,Smyrna,Noon - 4:30 PM,137,,LimeSurvey 75,
2025-10-03,Smyrna,7:30 AM - Noon,55,,LimeSurvey 75,
2025-10-03,Smyrna,Noon - 4:30 PM,21,,LimeSurvey 75,
2025-10-04,Smyrna,7:30 AM - Noon,17,,LimeSurvey 75,
2025-10-04,Smyrna,Noon - 4:30 PM,3,,LimeSurvey 75,
2025-10-06,Smyrna,4:30 PM - Close,24,,LimeSurvey 68,
2025-10-06,Smyrna,7:30 AM - Noon,192,,LimeSurvey 68,
2025-10-06,Smyrna,Noon - 4:30 PM,39,,LimeSurvey 68,
2025-10-07,Smyrna,4:30 PM - Close,10,,LimeSurvey 68,
2025-10-07,Smyrna,7:30 AM - Noon,125,,LimeSurvey 68,
2025-10-07,Smyrna,Noon - 4:30 PM,131,,LimeSurvey 68,
2025-10-08,Smyrna,4:30 PM - Close,21,,LimeSurvey 68,
2025-10-08,Smyrna,7:30 AM - Noon,155,,LimeSurvey 68,
2025-10-08,Smyrna,Noon - 4:30 PM,100,,LimeSurvey 68,
2025-10-09,Smyrna,4:30 PM - Close,17,,LimeSurvey 68,
2025-10-09,Smyrna,7:30 AM - Noon,122,,LimeSurvey 68,
2025-10-09,Smyrna,Noon - 4:30 PM,114,,LimeSurvey 68,
2025-10-10,Smyrna,7:30 AM - Noon,40,,LimeSurvey 68,
2025-10-10,Smyrna,Noon - 4:30 PM,5,,LimeSurvey 68,
2025-10-13,Smyrna,7:30 AM - Noon,18,,LimeSurvey 62,
2025-10-13,Smyrna,Noon - 4:30 PM,16,,LimeSurvey 62,
2025-10-14,Smyrna,7:30 AM - Noon,19,,LimeSurvey 62,
2025-10-14,Smyrna,Noon - 4:30 PM,7,,LimeSurvey 62,
2025-10-15,Smyrna,4:30 PM - Close,17,,LimeSurvey 62,
2025-10-15,Smyrna,7:30 AM - Noon,221,,LimeSurvey 62,
2025-10-15,Smyrna,Noon - 4:30 PM,158,,LimeSurvey 62,
2025-10-16,Smyrna,4:30 PM - Close,8,,LimeSurvey 62,
2025-10-16,Smyrna,7:30 AM - Noon,133,,LimeSurvey 62,
2025-10-16,Smyrna,Noon - 4:30 PM,141,,LimeSurvey 62,
2025-10-17,Smyrna,7:30 AM - Noon,65,,LimeSurvey 62,
2025-10-17,Smyrna,Noon - 4:30 PM,18,,LimeSurvey 62,
2025-10-18,Smyrna,7:30 AM - Noon,10,,LimeSurvey 62,
2025-10-20,Smyrna,4:30 PM - Close,16,,LimeSurvey 54,
2025-10-20,Smyrna,7:30 AM - Noon,151,,LimeSurvey 54,
2025-10-20,Smyrna,Noon - 4:30 PM,169,,LimeSurvey 54,
2025-10-21,Smyrna,4:30 PM - Close,49,,LimeSurvey 54,
2025-10-21,Smyrna,7:30 AM - Noon,116,,LimeSurvey 54,
2025-10-21,Smyrna,Noon - 4:30 PM,142,,LimeSurvey 54,
2025-10-22,Smyrna,4:30 PM - Close,30,,LimeSurvey 54,
2025-10-22,Smyrna,7:30 AM - Noon,131,,LimeSurvey 54,
2025-10-22,Smyrna,Noon - 4:30 PM,171,,LimeSurvey 54,
2025-10-23,Smyrna,4:30 PM - Close,31,,LimeSurvey 54,
2025-10-23,Smyrna,7:30 AM - Noon,152,,LimeSurvey 54,
2025-10-23,Smyrna,Noon - 4:30 PM,156,,LimeSurvey 54,
2025-10-24,Smyrna,7:30 AM - Noon,43,,LimeSurvey 54,
2025-10-24,Smyrna,Noon - 4:30 PM,49,,LimeSurvey 54,
2025-10-25,Smyrna,7:30 AM - Noon,2,,LimeSurvey 54,
2025-10-25,Smyrna,Noon - 4:30 PM,1,,LimeSurvey 54,
2025-10-27,Smyrna,4:30 PM - Close,30,,LimeSurvey 108,
2025-10-27,Smyrna,7:30 AM - Noon,148,,LimeSurvey 108,
2025-10-27,Smyrna,Noon - 4:30 PM,169,,LimeSurvey 108,
2025-10-28,Smyrna,4:30 PM - Close,31,,LimeSurvey 108,
2025-10-28,Smyrna,7:30 AM - Noon,152,,LimeSurvey 108,
2025-10-28,Smyrna,Noon - 4:30 PM,186,,LimeSurvey 108,
2025-10-29,Smyrna,4:30 PM - Close,21,,LimeSurvey 108,
2025-10-29,Smyrna,7:30 AM - Noon,171,,LimeSurvey 108,
2025-10-29,Smyrna,Noon - 4:30 PM,177,,LimeSurvey 108,
2025-10-30,Smyrna,4:30 PM - Close,11,,LimeSurvey 108,
2025-10-30,Smyrna,7:30 AM - Noon,115,,LimeSurvey 108,
2025-10-30,Smyrna,Noon - 4:30 PM,124,,LimeSurvey 108,
2025-10-31,Smyrna,7:30 AM - Noon,27,,LimeSurvey 108,
2025-10-31,Smyrna,Noon - 4:30 PM,34,,LimeSurvey 108,
2025-11-01,Smyrna,7:30 AM - Noon,4,,LimeSurvey 108,
2025-11-01,Smyrna,Noon - 4:30 PM,5,,LimeSurvey 108,
2025-11-03,Smyrna,4:30 PM - Close,27,,LimeSurvey 104,
2025-11-03,Smyrna,7:30 AM - Noon,178,,LimeSurvey 104,
2025-11-03,Smyrna,Noon - 4:30 PM,164,,LimeSurvey 104,
2025-11-04,Smyrna,4:30 PM - Close,25,,LimeSurvey 104,
2025-11-04,Smyrna,7:30 AM - Noon,130,,LimeSurvey 104,
2025-11-04,Smyrna,Noon - 4:30 PM,144,,LimeSurvey 104,
2025-11-05,Smyrna,4:30 PM - Close,28,,LimeSurvey 104,
2025-11-05,Smyrna,7:30 AM - Noon,151,,LimeSurvey 104,
2025-11-05,Smyrna,Noon - 4:30 PM,144,,LimeSurvey 104,
2025-11-06,Smyrna,4:30 PM - Close,19,,LimeSurvey 104,
2025-11-06,Smyrna,7:30 AM - Noon,116,,LimeSurvey 104,
2025-11-06,Smyrna,Noon - 4:30 PM,125,,LimeSurvey 104,
2025-11-07,Smyrna,7:30 AM - Noon,64,,LimeSurvey 104,
2025-11-07,Smyrna,Noon - 4:30 PM,8,,LimeSurvey 104,
2025-11-08,Smyrna,7:30 AM - Noon,7,,LimeSurvey 104,
2025-11-08,Smyrna,Noon - 4:30 PM,3,,LimeSurvey 104,
2025-11-10,Smyrna,4:30 PM - Close,26,,LimeSurvey 100,
2025-11-10,Smyrna,7:30 AM - Noon,123,,LimeSurvey 100,
2025-11-10,Smyrna,Noon - 4:30 PM,159,,LimeSurvey 100,
2025-11-11,Smyrna,4:30 PM - Close,33,,LimeSurvey 100,
2025-11-11,Smyrna,7:30 AM - Noon,162,,LimeSurvey 100,
2025-11-11,Smyrna,Noon - 4:30 PM,124,,LimeSurvey 100,
2025-11-12,Smyrna,4:30 PM - Close,35,,LimeSurvey 100,
2025-11-12,Smyrna,7:30 AM - Noon,166,,LimeSurvey 100,
2025-11-12,Smyrna,Noon - 4:30 PM,154,,LimeSurvey 100,
2025-11-13,Smyrna,4:30 PM - Close,12,,LimeSurvey 100,
2025-11-13,Smyrna,7:30 AM - Noon,152,,LimeSurvey 100,
2025-11-13,Smyrna,Noon - 4:30 PM,138,,LimeSurvey 100,
2025-11-14,Smyrna,7:30 AM - Noon,102,,LimeSurvey 100,
2025-11-14,Smyrna,Noon - 4:30 PM,12,,LimeSurvey 100,
2025-11-15,Smyrna,7:30 AM - Noon,9,,LimeSurvey 100,
2025-11-15,Smyrna,Noon - 4:30 PM,7,,LimeSurvey 100,
2025-11-17,Smyrna,4:30 PM - Close,20,,LimeSurvey 96,
2025-11-17,Smyrna,7:30 AM - Noon,154,,LimeSurvey 96,
2025-11-17,Smyrna,Noon - 4:30 PM,130,,LimeSurvey 96,
2025-11-18,Smyrna,4:30 PM - Close,32,,LimeSurvey 96,
2025-11-18,Smyrna,7:30 AM - Noon,136,,LimeSurvey 96,
2025-11-18,Smyrna,Noon - 4:30 PM,87,,LimeSurvey 96,
2025-11-19,Smyrna,4:30 PM - Close,28,,LimeSurvey 96,
2025-11-19,Smyrna,7:30 AM - Noon,137,,LimeSurvey 96,
2025-11-19,Smyrna,Noon - 4:30 PM,138,,LimeSurvey 96,
2025-11-20,Smyrna,4:30 PM - Close,16,,LimeSurvey 96,
2025-11-20,Smyrna,7:30 AM - Noon,119,,LimeSurvey 96,
2025-11-20,Smyrna,Noon - 4:30 PM,125,,LimeSurvey 96,
2025-11-21,Smyrna,7:30 AM - Noon,108,,LimeSurvey 96,
2025-11-21,Smyrna,Noon - 4:30 PM,37,,LimeSurvey 96,
2025-11-22,Smyrna,7:30 AM - Noon,5,,LimeSurvey 96,
2025-11-22,Smyrna,Noon - 4:30 PM,1,,LimeSurvey 96,
2025-11-24,Smyrna,4:30 PM - Close,29,,LimeSurvey 70,
2025-11-24,Smyrna,7:30 AM - Noon,122,,LimeSurvey 70,
2025-11-24,Smyrna,Noon - 4:30 PM,161,,LimeSurvey 70,
2025-11-25,Smyrna,4:30 PM - Close,25,,LimeSurvey 70,
2025-11-25,Smyrna,7:30 AM - Noon,130,,LimeSurvey 70,
2025-11-25,Smyrna,Noon - 4:30 PM,110,,LimeSurvey 70,
2025-11-26,Smyrna,7:30 AM - Noon,15,,LimeSurvey 70,
2025-12-01,Smyrna,4:30 PM - Close,232,,LimeSurvey 65,
2025-12-01,Smyrna,7:30 AM - Noon,223,,LimeSurvey 65,
2025-12-01,Smyrna,Noon - 4:30 PM,193,,LimeSurvey 65,
2025-12-02,Smyrna,4:30 PM - Close,53,,LimeSurvey 65,
2025-12-02,Smyrna,7:30 AM - Noon,141,,LimeSurvey 65,
2025-12-02,Smyrna,Noon - 4:30 PM,151,,LimeSurvey 65,
2025-12-03,Smyrna,4:30 PM - Close,46,,LimeSurvey 65,
2025-12-03,Smyrna,7:30 AM - Noon,149,,LimeSurvey 65,
2025-12-03,Smyrna,Noon - 4:30 PM,196,,LimeSurvey 65,
2025-12-04,Smyrna,7:30 AM - Noon,170,,LimeSurvey 65,
2025-12-04,Smyrna,Noon - 4:30 PM,164,,LimeSurvey 65,
2025-12-05,Smyrna,7:30 AM - Noon,43,,LimeSurvey 65,
2025-12-06,Smyrna,7:30 AM - Noon,5,,LimeSurvey 65,
2025-12-06,Smyrna,Noon - 4:30 PM,3,,LimeSurvey 65,
2025-12-08,Smyrna,4:30 PM - Close,7,,LimeSurvey 58,
2025-12-08,Smyrna,7:30 AM - Noon,171,,LimeSurvey 58,
2025-12-08,Smyrna,Noon - 4:30 PM,101,,LimeSurvey 58,
2025-12-09,Smyrna,4:30 PM - Close,26,,LimeSurvey 58,
2025-12-09,Smyrna,7:30 AM - Noon,161,,LimeSurvey 58,
2025-12-09,Smyrna,Noon - 4:30 PM,94,,LimeSurvey 58,
2025-12-10,Smyrna,4:30 PM - Close,18,,LimeSurvey 58,
2025-12-10,Smyrna,7:30 AM - Noon,221,,LimeSurvey 58,
2025-12-10,Smyrna,Noon - 4:30 PM,62,,LimeSurvey 58,
2025-12-11,Smyrna,4:30 PM - Close,10,,LimeSurvey 58,
2025-12-11,Smyrna,7:30 AM - Noon,158,,LimeSurvey 58,
2025-12-11,Smyrna,Noon - 4:30 PM,71,,LimeSurvey 58,
2025-12-12,Smyrna,7:30 AM - Noon,71,,LimeSurvey 58,
2025-12-12,Smyrna,Noon - 4:30 PM,41,,LimeSurvey 58,
2025-12-16,Smyrna,7:30 AM - Noon,17,,LimeSurvey 49,
2025-12-16,Smyrna,Noon - 4:30 PM,17,,LimeSurvey 49,
2025-12-17,Smyrna,7:30 AM - Noon,34,,LimeSurvey 49,
2025-12-17,Smyrna,Noon - 4:30 PM,17,,LimeSurvey 49,
2025-12-18,Smyrna,7:30 AM - Noon,15,,LimeSurvey 49,
2025-12-18,Smyrna,Noon - 4:30 PM,3,,LimeSurvey 49,
2025-12-19,Smyrna,7:30 AM - Noon,15,,LimeSurvey 49,
2025-12-22,Smyrna,7:30 AM - Noon,10,,LimeSurvey 47,
2025-12-22,Smyrna,Noon - 4:30 PM,3,,LimeSurvey 47,
2025-12-23,Smyrna,7:30 AM - Noon,3,,LimeSurvey 47,
2025-12-23,Smyrna,Noon - 4:30 PM,5,,LimeSurvey 47,
2026-01-05,Smyrna,7:30 AM - Noon,17,,LimeSurvey 89,
2026-01-05,Smyrna,Noon - 4:30 PM,9,,LimeSurvey 89,
2026-01-06,Smyrna,7:30 AM - Noon,10,,LimeSurvey 89,
2026-01-06,Smyrna,Noon - 4:30 PM,18,,LimeSurvey 89,
2026-01-07,Smyrna,7:30 AM - Noon,33,,LimeSurvey 89,
2026-01-07,Smyrna,Noon - 4:30 PM,30,,LimeSurvey 89,
2026-01-08,Smyrna,7:30 AM - Noon,15,,LimeSurvey 89,
2026-01-08,Smyrna,Noon - 4:30 PM,4,,LimeSurvey 89,
2026-01-09,Smyrna,7:30 AM - Noon,12,,LimeSurvey 89,
2026-01-09,Smyrna,Noon - 4:30 PM,8,,LimeSurvey 89,
2026-01-12,Smyrna,7:30 AM - Noon,27,,LimeSurvey 88,
2026-01-12,Smyrna,Noon - 4:30 PM,24,,LimeSurvey 88,
2026-01-13,Smyrna,7:30 AM - Noon,46,,LimeSurvey 88,
2026-01-13,Smyrna,Noon - 4:30 PM,19,,LimeSurvey 88,
2026-01-14,Smyrna,7:30 AM - Noon,25,,LimeSurvey 88,
2026-01-14,Smyrna,Noon - 4:30 PM,27,,LimeSurvey 88,
2026-01-15,Smyrna,7:30 AM - Noon,34,,LimeSurvey 88,
2026-01-15,Smyrna,Noon - 4:30 PM,32,,LimeSurvey 88,
2026-01-16,Smyrna,7:30 AM - Noon,36,,LimeSurvey 88,
2026-01-16,Smyrna,Noon - 4:30 PM,29,,LimeSurvey 88,
2026-02-02,Smyrna,4:30 PM - Close,37,,LimeSurvey 111,
2026-02-02,Smyrna,7:30 AM - Noon,278,,LimeSurvey 111,
2026-02-02,Smyrna,Noon - 4:30 PM,130,,LimeSurvey 111,
2026-02-03,Smyrna,4:30 PM - Close,22,,LimeSurvey 111,
2026-02-03,Smyrna,7:30 AM - Noon,143,,LimeSurvey 111,
2026-02-03,Smyrna,Noon - 4:30 PM,167,,LimeSurvey 111,
2026-02-04,Smyrna,4:30 PM - Close,29,,LimeSurvey 111,
2026-02-04,Smyrna,7:30 AM - Noon,190,,LimeSurvey 111,
2026-02-04,Smyrna,Noon - 4:30 PM,145,,LimeSurvey 111,
2026-02-05,Smyrna,4:30 PM - Close,10,,LimeSurvey 111,
2026-02-05,Smyrna,7:30 AM - Noon,163,,LimeSurvey 111,
2026-02-05,Smyrna,Noon - 4:30 PM,115,,LimeSurvey 111,
2026-02-06,Smyrna,7:30 AM - Noon,60,,LimeSurvey 111,
2026-02-06,Smyrna,Noon - 4:30 PM,35,,LimeSurvey 111,
2026-02-07,Smyrna,7:30 AM - Noon,8,,LimeSurvey 111,
2026-02-07,Smyrna,Noon - 4:30 PM,2,,LimeSurvey 111,
2026-02-09,Smyrna,4:30 PM - Close,35,,LimeSurvey 114,
2026-02-09,Smyrna,7:30 AM - Noon,189,,LimeSurvey 114,
2026-02-09,Smyrna,Noon - 4:30 PM,142,,LimeSurvey 114,
2026-02-10,Smyrna,4:30 PM - Close,19,,LimeSurvey 114,
2026-02-10,Smyrna,7:30 AM - Noon,181,,LimeSurvey 114,
2026-02-10,Smyrna,Noon - 4:30 PM,170,,LimeSurvey 114,
2026-02-11,Smyrna,4:30 PM - Close,29,,LimeSurvey 114,
2026-02-11,Smyrna,7:30 AM - Noon,196,,LimeSurvey 114,
2026-02-11,Smyrna,Noon - 4:30 PM,111,,LimeSurvey 114,
2026-02-12,Smyrna,4:30 PM - Close,22,,LimeSurvey 114,
2026-02-12,Smyrna,7:30 AM - Noon,189,,LimeSurvey 114,
2026-02-12,Smyrna,Noon - 4:30 PM,118,,LimeSurvey 114,
2026-02-13,Smyrna,7:30 AM - Noon,51,,LimeSurvey 114,
2026-02-13,Smyrna,Noon - 4:30 PM,44,,LimeSurvey 114,
2026-02-14,Smyrna,7:30 AM - Noon,6,,LimeSurvey 114,
2026-02-14,Smyrna,Noon - 4:30 PM,8,,LimeSurvey 114,
2026-02-16,Smyrna,4:30 PM - Close,22,,LimeSurvey 125,
2026-02-16,Smyrna,7:30 AM - Noon,125,,LimeSurvey 125,
2026-02-16,Smyrna,Noon - 4:30 PM,130,,LimeSurvey 125,
2026-02-17,Smyrna,4:30 PM - Close,14,,LimeSurvey 125,
2026-02-17,Smyrna,7:30 AM - Noon,186,,LimeSurvey 125,
2026-02-17,Smyrna,Noon - 4:30 PM,105,,LimeSurvey 125,
2026-02-18,Smyrna,4:30 PM - Close,27,,LimeSurvey 125,
2026-02-18,Smyrna,7:30 AM - Noon,166,,LimeSurvey 125,
2026-02-18,Smyrna,Noon - 4:30 PM,125,,LimeSurvey 125,
2026-02-19,Smyrna,4:30 PM - Close,9,,LimeSurvey 125,
2026-02-19,Smyrna,7:30 AM - Noon,179,,LimeSurvey 125,
2026-02-19,Smyrna,Noon - 4:30 PM,120,,LimeSurvey 125,
2026-02-20,Smyrna,7:30 AM - Noon,65,,LimeSurvey 125,
2026-02-20,Smyrna,Noon - 4:30 PM,22,,LimeSurvey 125,
2026-02-21,Smyrna,7:30 AM - Noon,30,,LimeSurvey 125,
2026-02-21,Smyrna,Noon - 4:30 PM,11,,LimeSurvey 125,
2026-02-23,Smyrna,4:30 PM - Close,36,,LimeSurvey 124,
2026-02-23,Smyrna,7:30 AM - Noon,234,,LimeSurvey 124,
2026-02-23,Smyrna,Noon - 4:30 PM,124,,LimeSurvey 124,
2026-02-24,Smyrna,4:30 PM - Close,10,,LimeSurvey 124,
2026-02-24,Smyrna,7:30 AM - Noon,201,,LimeSurvey 124,
2026-02-24,Smyrna,Noon - 4:30 PM,139,,LimeSurvey 124,
2026-02-25,Smyrna,4:30 PM - Close,22,,LimeSurvey 124,
2026-02-25,Smyrna,7:30 AM - Noon,172,,LimeSurvey 124,
2026-02-25,Smyrna,Noon - 4:30 PM,119,,LimeSurvey 124,
2026-02-26,Smyrna,4:30 PM - Close,17,,LimeSurvey 124,
2026-02-26,Smyrna,7:30 AM - Noon,190,,LimeSurvey 124,
2026-02-26,Smyrna,Noon - 4:30 PM,132,,LimeSurvey 124,
2026-02-27,Smyrna,7:30 AM - Noon,45,,LimeSurvey 124,
2026-02-27,Smyrna,Noon - 4:30 PM,22,,LimeSurvey 124,
2026-02-28,Smyrna,7:30 AM - Noon,6,,LimeSurvey 124,
2026-02-28,Smyrna,Noon - 4:30 PM,4,,LimeSurvey 124,
2026-03-02,Smyrna,4:30 PM - Close,23,,LimeSurvey 127,
2026-03-02,Smyrna,7:30 AM - Noon,195,,LimeSurvey 127,
2026-03-02,Smyrna,Noon - 4:30 PM,115,,LimeSurvey 127,
2026-03-03,Smyrna,4:30 PM - Close,17,,LimeSurvey 127,
2026-03-03,Smyrna,7:30 AM - Noon,182,,LimeSurvey 127,
2026-03-03,Smyrna,Noon - 4:30 PM,99,,LimeSurvey 127,
2026-03-04,Smyrna,4:30 PM - Close,21,,LimeSurvey 127,
2026-03-04,Smyrna,7:30 AM - Noon,173,,LimeSurvey 127,
2026-03-04,Smyrna,Noon - 4:30 PM,143,,LimeSurvey 127,
2026-03-05,Smyrna,4:30 PM - Close,21,,LimeSurvey 127,
2026-03-05,Smyrna,7:30 AM - Noon,145,,LimeSurvey 127,
2026-03-05,Smyrna,Noon - 4:30 PM,130,,LimeSurvey 127,
2026-03-06,Smyrna,7:30 AM - Noon,61,,LimeSurvey 127,
2026-03-06,Smyrna,Noon - 4:30 PM,59,,LimeSurvey 127,
2026-03-09,Smyrna,7:30 AM - Noon,12,,LimeSurvey 129,
2026-03-09,Smyrna,Noon - 4:30 PM,18,,LimeSurvey 129,
2026-03-10,Smyrna,7:30 AM - Noon,35,,LimeSurvey 129,
2026-03-10,Smyrna,Noon - 4:30 PM,19,,LimeSurvey 129,
2026-03-11,Smyrna,7:30 AM - Noon,11,,LimeSurvey 129,
2026-03-11,Smyrna,Noon - 4:30 PM,33,,LimeSurvey 129,
2026-03-12,Smyrna,7:30 AM - Noon,25,,LimeSurvey 129,
2026-03-12,Smyrna,Noon - 4:30 PM,18,,LimeSurvey 129,
2026-03-13,Smyrna,7:30 AM - Noon,36,,LimeSurvey 129,
2026-03-13,Smyrna,Noon - 4:30 PM,8,,LimeSurvey 129,
2026-03-16,Smyrna,7:30 AM - Noon,151,,LimeSurvey 134,
2026-03-16,Smyrna,Noon - 4:30 PM,91,,LimeSurvey 134,
2026-03-17,Smyrna,4:30 PM - Close,29,,LimeSurvey 134,
2026-03-17,Smyrna,7:30 AM - Noon,154,,LimeSurvey 134,
2026-03-17,Smyrna,Noon - 4:30 PM,95,,LimeSurvey 134,
2026-03-18,Smyrna,4:30 PM - Close,26,,LimeSurvey 134,
2026-03-18,Smyrna,7:30 AM - Noon,130,,LimeSurvey 134,
2026-03-18,Smyrna,Noon - 4:30 PM,122,,LimeSurvey 134,
2026-03-19,Smyrna,4:30 PM - Close,11,,LimeSurvey 134,
2026-03-19,Smyrna,7:30 AM - Noon,124,,LimeSurvey 134,
2026-03-19,Smyrna,Noon - 4:30 PM,97,,LimeSurvey 134,
2026-03-20,Smyrna,7:30 AM - Noon,32,,LimeSurvey 134,
2026-03-20,Smyrna,Noon - 4:30 PM,18,,LimeSurvey 134,
2026-03-21,Smyrna,7:30 AM - Noon,31,,LimeSurvey 134,
2026-03-21,Smyrna,Noon - 4:30 PM,4,,LimeSurvey 134,
2026-03-23,Smyrna,4:30 PM - Close,28,,LimeSurvey 137,
2026-03-23,Smyrna,7:30 AM - Noon,143,,LimeSurvey 137,
2026-03-23,Smyrna,Noon - 4:30 PM,128,,LimeSurvey 137,
2026-03-24,Smyrna,4:30 PM - Close,17,,LimeSurvey 137,
2026-03-24,Smyrna,7:30 AM - Noon,141,,LimeSurvey 137,
2026-03-24,Smyrna,Noon - 4:30 PM,127,,LimeSurvey 137,
2026-03-25,Smyrna,4:30 PM - Close,29,,LimeSurvey 137,
2026-03-25,Smyrna,7:30 AM - Noon,103,,LimeSurvey 137,
2026-03-25,Smyrna,Noon - 4:30 PM,115,,LimeSurvey 137,
2026-03-26,Smyrna,4:30 PM - Close,18,,LimeSurvey 137,
2026-03-26,Smyrna,7:30 AM - Noon,126,,LimeSurvey 137,
2026-03-26,Smyrna,Noon - 4:30 PM,117,,LimeSurvey 137,
2026-03-27,Smyrna,7:30 AM - Noon,39,,LimeSurvey 137,
2026-03-27,Smyrna,Noon - 4:30 PM,34,,LimeSurvey 137,
2026-03-28,Smyrna,7:30 AM - Noon,17,,LimeSurvey 137,
2026-03-28,Smyrna,Noon - 4:30 PM,3,,LimeSurvey 137,
2026-03-30,Smyrna,4:30 PM - Close,25,,LimeSurvey 168,
2026-03-30,Smyrna,7:30 AM - Noon,93,,LimeSurvey 168,
2026-03-30,Smyrna,Noon - 4:30 PM,122,,LimeSurvey 168,
2026-03-31,Smyrna,4:30 PM - Close,17,,LimeSurvey 168,
2026-03-31,Smyrna,7:30 AM - Noon,120,,LimeSurvey 168,
2026-03-31,Smyrna,Noon - 4:30 PM,118,,LimeSurvey 168,
2026-04-01,Smyrna,4:30 PM - Close,29,,LimeSurvey 168,
2026-04-01,Smyrna,7:30 AM - Noon,130,,LimeSurvey 168,
2026-04-01,Smyrna,Noon - 4:30 PM,85,,LimeSurvey 168,
2026-04-02,Smyrna,4:30 PM - Close,7,,LimeSurvey 168,
2026-04-02,Smyrna,7:30 AM - Noon,112,,LimeSurvey 168,
2026-04-02,Smyrna,Noon - 4:30 PM,89,,LimeSurvey 168,
2026-04-03,Smyrna,7:30 AM - Noon,8,,LimeSurvey 168,
2026-04-03,Smyrna,Noon - 4:30 PM,21,,LimeSurvey 168,
2026-04-06,Smyrna,4:30 PM - Close,20,,LimeSurvey 147,
2026-04-06,Smyrna,7:30 AM - Noon,131,,LimeSurvey 147,
2026-04-06,Smyrna,Noon - 4:30 PM,141,,LimeSurvey 147,
2026-04-07,Smyrna,4:30 PM - Close,12,,LimeSurvey 147,
2026-04-07,Smyrna,7:30 AM - Noon,172,,LimeSurvey 147,
2026-04-07,Smyrna,Noon - 4:30 PM,94,,LimeSurvey 147,
2026-04-08,Smyrna,4:30 PM - Close,4,,LimeSurvey 147,
2026-04-08,Smyrna,7:30 AM - Noon,134,,LimeSurvey 147,
2026-04-08,Smyrna,Noon - 4:30 PM,138,,LimeSurvey 147,
2026-04-09,Smyrna,4:30 PM - Close,10,,LimeSurvey 147,
2026-04-09,Smyrna,7:30 AM - Noon,114,,LimeSurvey 147,
2026-04-09,Smyrna,Noon - 4:30 PM,133,,LimeSurvey 147,
2026-04-10,Smyrna,7:30 AM - Noon,41,,LimeSurvey 147,
2026-04-10,Smyrna,Noon - 4:30 PM,23,,LimeSurvey 147,
2026-04-11,Smyrna,7:30 AM - Noon,10,,LimeSurvey 147,
2026-04-11,Smyrna,Noon - 4:30 PM,6,,LimeSurvey 147,
2026-04-13,Smyrna,4:30 PM - Close,24,,LimeSurvey 150,
2026-04-13,Smyrna,7:30 AM - Noon,154,,LimeSurvey 150,
2026-04-13,Smyrna,Noon - 4:30 PM,148,,LimeSurvey 150,
2026-04-14,Smyrna,4:30 PM - Close,15,,LimeSurvey 150,
2026-04-14,Smyrna,7:30 AM - Noon,153,,LimeSurvey 150,
2026-04-14,Smyrna,Noon - 4:30 PM,97,,LimeSurvey 150,
2026-04-15,Smyrna,4:30 PM - Close,18,,LimeSurvey 150,
2026-04-15,Smyrna,7:30 AM - Noon,148,,LimeSurvey 150,
2026-04-15,Smyrna,Noon - 4:30 PM,112,,LimeSurvey 150,
2026-04-16,Smyrna,4:30 PM - Close,9,,LimeSurvey 150,
2026-04-16,Smyrna,7:30 AM - Noon,175,,LimeSurvey 150,
2026-04-16,Smyrna,Noon - 4:30 PM,86,,LimeSurvey 150,
2026-04-17,Smyrna,7:30 AM - Noon,52,,LimeSurvey 150,
2026-04-17,Smyrna,Noon - 4:30 PM,30,,LimeSurvey 150,
2026-04-18,Smyrna,7:30 AM - Noon,5,,LimeSurvey 150,
2026-04-18,Smyrna,Noon - 4:30 PM,8,,LimeSurvey 150,
2026-04-20,Smyrna,4:30 PM - Close,22,,LimeSurvey 153,
2026-04-20,Smyrna,7:30 AM - Noon,168,,LimeSurvey 153,
2026-04-20,Smyrna,Noon - 4:30 PM,130,,LimeSurvey 153,
2026-04-21,Smyrna,4:30 PM - Close,14,,LimeSurvey 153,
2026-04-21,Smyrna,7:30 AM - Noon,156,,LimeSurvey 153,
2026-04-21,Smyrna,Noon - 4:30 PM,111,,LimeSurvey 153,
2026-04-22,Smyrna,4:30 PM - Close,25,,LimeSurvey 153,
2026-04-22,Smyrna,7:30 AM - Noon,140,,LimeSurvey 153,
2026-04-22,Smyrna,Noon - 4:30 PM,116,,LimeSurvey 153,
2026-04-23,Smyrna,4:30 PM - Close,8,,LimeSurvey 153,
2026-04-23,Smyrna,7:30 AM - Noon,149,,LimeSurvey 153,
2026-04-23,Smyrna,Noon - 4:30 PM,104,,LimeSurvey 153,
2026-04-24,Smyrna,7:30 AM - Noon,56,,LimeSurvey 153,
2026-04-24,Smyrna,Noon - 4:30 PM,29,,LimeSurvey 153,
2026-04-25,Smyrna,7:30 AM - Noon,11,,LimeSurvey 153,
2026-04-25,Smyrna,Noon - 4:30 PM,8,,LimeSurvey 153,
2026-04-27,Smyrna,4:30 PM - Close,15,,LimeSurvey 156,
2026-04-27,Smyrna,7:30 AM - Noon,241,,LimeSurvey 156,
2026-04-27,Smyrna,Noon - 4:30 PM,134,,LimeSurvey 156,
2026-04-28,Smyrna,4:30 PM - Close,27,,LimeSurvey 156,
2026-04-28,Smyrna,7:30 AM - Noon,161,,LimeSurvey 156,
2026-04-28,Smyrna,Noon - 4:30 PM,139,,LimeSurvey 156,
2026-04-29,Smyrna,4:30 PM - Close,34,,LimeSurvey 156,
2026-04-29,Smyrna,7:30 AM - Noon,168,,LimeSurvey 156,
2026-04-29,Smyrna,Noon - 4:30 PM,130,,LimeSurvey 156,
2026-04-30,Smyrna,4:30 PM - Close,19,,LimeSurvey 156,
2026-04-30,Smyrna,7:30 AM - Noon,172,,LimeSurvey 156,
2026-04-30,Smyrna,Noon - 4:30 PM,119,,LimeSurvey 156,
2026-05-01,Smyrna,7:30 AM - Noon,46,,LimeSurvey 156,
2026-05-01,Smyrna,Noon - 4:30 PM,41,,LimeSurvey 156,
2026-05-02,Smyrna,7:30 AM - Noon,15,,LimeSurvey 156,
2026-05-02,Smyrna,Noon - 4:30 PM,4,,LimeSurvey 156,
2026-05-04,Smyrna,4:30 PM - Close,21,,LimeSurvey 159,
2026-05-04,Smyrna,7:30 AM - Noon,178,,LimeSurvey 159,
2026-05-04,Smyrna,Noon - 4:30 PM,74,,LimeSurvey 159,
2026-05-05,Smyrna,4:30 PM - Close,7,,LimeSurvey 159,
2026-05-05,Smyrna,7:30 AM - Noon,147,,LimeSurvey 159,
2026-05-05,Smyrna,Noon - 4:30 PM,62,,LimeSurvey 159,
2026-05-06,Smyrna,4:30 PM - Close,14,,LimeSurvey 159,
2026-05-06,Smyrna,7:30 AM - Noon,112,,LimeSurvey 159,
2026-05-06,Smyrna,Noon - 4:30 PM,63,,LimeSurvey 159,
2026-05-07,Smyrna,4:30 PM - Close,6,,LimeSurvey 159,
2026-05-07,Smyrna,7:30 AM - Noon,140,,LimeSurvey 159,
2026-05-07,Smyrna,Noon - 4:30 PM,56,,LimeSurvey 159,
2026-05-08,Smyrna,7:30 AM - Noon,43,,LimeSurvey 159,
2026-05-08,Smyrna,Noon - 4:30 PM,31,,LimeSurvey 159,
2026-05-11,Smyrna,7:30 AM - Noon,24,,LimeSurvey 169,
2026-05-11,Smyrna,Noon - 4:30 PM,14,,LimeSurvey 169,
2026-05-12,Smyrna,7:30 AM - Noon,28,,LimeSurvey 169,
2026-05-12,Smyrna,Noon - 4:30 PM,17,,LimeSurvey 169,
2026-05-13,Smyrna,7:30 AM - Noon,11,,LimeSurvey 169,
2026-05-13,Smyrna,Noon - 4:30 PM,11,,LimeSurvey 169,
2026-05-14,Smyrna,7:30 AM - Noon,11,,LimeSurvey 169,
2026-05-14,Smyrna,Noon - 4:30 PM,14,,LimeSurvey 169,
2026-05-15,Smyrna,7:30 AM - Noon,23,,LimeSurvey 169,
2026-05-15,Smyrna,Noon - 4:30 PM,12,,LimeSurvey 169,
2026-05-18,Smyrna,7:30 AM - Noon,15,,LimeSurvey 171,
2026-05-18,Smyrna,Noon - 4:30 PM,22,,LimeSurvey 171,
2026-05-19,Smyrna,7:30 AM - Noon,21,,LimeSurvey 171,
2026-05-19,Smyrna,Noon - 4:30 PM,27,,LimeSurvey 171,
2026-05-20,Smyrna,7:30 AM - Noon,21,,LimeSurvey 171,
2026-05-20,Smyrna,Noon - 4:30 PM,13,,LimeSurvey 171,
2026-05-21,Smyrna,7:30 AM - Noon,24,,LimeSurvey 171,
2026-05-21,Smyrna,Noon - 4:30 PM,22,,LimeSurvey 171,
2026-05-22,Smyrna,7:30 AM - Noon,18,,LimeSurvey 171,
2026-05-22,Smyrna,Noon - 4:30 PM,12,,LimeSurvey 171,
2026-05-26,Smyrna,7:30 AM - Noon,31,,LimeSurvey 176,
2026-05-26,Smyrna,Noon - 4:30 PM,32,,LimeSurvey 176,
2026-05-27,Smyrna,7:30 AM - Noon,30,,LimeSurvey 176,
2026-05-27,Smyrna,Noon - 4:30 PM,30,,LimeSurvey 176,
2026-05-28,Smyrna,7:30 AM - Noon,37,,LimeSurvey 176,
2026-05-28,Smyrna,Noon - 4:30 PM,30,,LimeSurvey 176,
2026-05-29,Smyrna,7:30 AM - Noon,17,,LimeSurvey 176,
2026-05-29,Smyrna,Noon - 4:30 PM,18,,LimeSurvey 176,
2026-06-01,Smyrna,7:30 AM - Noon,30,,LimeSurvey 178,
2026-06-01,Smyrna,Noon - 4:30 PM,24,,LimeSurvey 178,
2026-06-02,Smyrna,7:30 AM - Noon,43,,LimeSurvey 178,
2026-06-02,Smyrna,Noon - 4:30 PM,33,,LimeSurvey 178,
2026-06-03,Smyrna,7:30 AM - Noon,35,,LimeSurvey 178,
2026-06-03,Smyrna,Noon - 4:30 PM,24,,LimeSurvey 178,
2026-06-04,Smyrna,7:30 AM - Noon,37,,LimeSurvey 178,
2026-06-04,Smyrna,Noon - 4:30 PM,23,,LimeSurvey 178,
2026-06-05,Smyrna,7:30 AM - Noon,14,,LimeSurvey 178,
2026-06-05,Smyrna,Noon - 4:30 PM,7,,LimeSurvey 178,
2026-06-08,Smyrna,7:30 AM - Noon,31,,LimeSurvey 181,
2026-06-08,Smyrna,Noon - 4:30 PM,39,,LimeSurvey 181,
2026-06-09,Smyrna,7:30 AM - Noon,44,,LimeSurvey 181,
2026-06-09,Smyrna,Noon - 4:30 PM,49,,LimeSurvey 181,
2026-06-10,Smyrna,7:30 AM - Noon,27,,LimeSurvey 181,
2026-06-10,Smyrna,Noon - 4:30 PM,10,,LimeSurvey 181,
2026-06-11,Smyrna,7:30 AM - Noon,40,,LimeSurvey 181,
2026-06-11,Smyrna,Noon - 4:30 PM,27,,LimeSurvey 181,
2026-06-12,Smyrna,7:30 AM - Noon,55,,LimeSurvey 181,
2026-06-12,Smyrna,Noon - 4:30 PM,9,,LimeSurvey 181,
2026-06-15,Smyrna,7:30 AM - Noon,37,,LimeSurvey 183,
2026-06-15,Smyrna,Noon - 4:30 PM,27,,LimeSurvey 183,
2026-06-16,Smyrna,7:30 AM - Noon,39,,LimeSurvey 183,
2026-06-16,Smyrna,Noon - 4:30 PM,40,,LimeSurvey 183,
2026-06-17,Smyrna,7:30 AM - Noon,39,,LimeSurvey 183,
2026-06-17,Smyrna,Noon - 4:30 PM,16,,LimeSurvey 183,
2026-06-18,Smyrna,7:30 AM - Noon,40,,LimeSurvey 183,
2026-06-18,Smyrna,Noon - 4:30 PM,16,,LimeSurvey 183,
2026-06-22,Smyrna,7:30 AM - Noon,40,,LimeSurvey 189,
2026-06-22,Smyrna,Noon - 4:30 PM,23,,LimeSurvey 189,
2026-06-23,Smyrna,7:30 AM - Noon,48,,LimeSurvey 189,
2026-06-23,Smyrna,Noon - 4:30 PM,40,,LimeSurvey 189,
2026-06-24,Smyrna,7:30 AM - Noon,37,,LimeSurvey 189,
2026-06-24,Smyrna,Noon - 4:30 PM,32,,LimeSurvey 189,
2026-06-25,Smyrna,7:30 AM - Noon,32,,LimeSurvey 189,
2026-06-25,Smyrna,Noon - 4:30 PM,22,,LimeSurvey 189,
2026-06-26,Smyrna,7:30 AM - Noon,23,,LimeSurvey 189,
2026-06-26,Smyrna,Noon - 4:30 PM,34,,LimeSurvey 189,
2026-06-29,Smyrna,7:30 AM - Noon,23,,LimeSurvey 188,
2026-06-29,Smyrna,Noon - 4:30 PM,19,,LimeSurvey 188,
2026-06-30,Smyrna,7:30 AM - Noon,30,,LimeSurvey 188,
2026-06-30,Smyrna,Noon - 4:30 PM,19,,LimeSurvey 188,
2026-07-01,Smyrna,7:30 AM - Noon,18,,LimeSurvey 188,
2026-07-01,Smyrna,Noon - 4:30 PM,17,,LimeSurvey 188,
2026-07-02,Smyrna,7:30 AM - Noon,20,,LimeSurvey 188,
2026-07-02,Smyrna,Noon - 4:30 PM,12,,LimeSurvey 188,
2026-07-06,Smyrna,7:30 AM - Noon,14,,LimeSurvey 192,
2026-07-06,Smyrna,Noon - 4:30 PM,14,,LimeSurvey 192,
2026-07-07,Smyrna,7:30 AM - Noon,25,,LimeSurvey 192,
2026-07-07,Smyrna,Noon - 4:30 PM,19,,LimeSurvey 192,
2026-07-08,Smyrna,7:30 AM - Noon,49,,LimeSurvey 192,
2026-07-08,Smyrna,Noon - 4:30 PM,4,,LimeSurvey 192,
2026-07-09,Smyrna,7:30 AM - Noon,49,,LimeSurvey 192,
2026-07-09,Smyrna,Noon - 4:30 PM,24,,LimeSurvey 192,
2026-07-10,Smyrna,7:30 AM - Noon,11,,LimeSurvey 192,
2026-07-10,Smyrna,Noon - 4:30 PM,5,,LimeSurvey 192,
2026-07-13,Smyrna,7:30 AM - Noon,25,,LimeSurvey 196,
2026-07-13,Smyrna,Noon - 4:30 PM,28,,LimeSurvey 196,
2026-07-14,Smyrna,7:30 AM - Noon,20,,LimeSurvey 196,
2026-07-14,Smyrna,Noon - 4:30 PM,30,,LimeSurvey 196,
2026-07-15,Smyrna,7:30 AM - Noon,21,,LimeSurvey 196,
2026-07-15,Smyrna,Noon - 4:30 PM,13,,LimeSurvey 196,
2026-07-16,Smyrna,7:30 AM - Noon,36,,LimeSurvey 196,
2026-07-16,Smyrna,Noon - 4:30 PM,26,,LimeSurvey 196,
2026-07-17,Smyrna,7:30 AM - Noon,30,,LimeSurvey 196,
2026-07-17,Smyrna,Noon - 4:30 PM,16,,LimeSurvey 196,
2026-07-20,Smyrna,7:30 AM - Noon,29,,LimeSurvey 198,
2026-07-20,Smyrna,Noon - 4:30 PM,27,,LimeSurvey 198,
2026-07-21,Smyrna,7:30 AM - Noon,36,,LimeSurvey 198,
2026-07-21,Smyrna,Noon - 4:30 PM,49,,LimeSurvey 198,
2026-07-22,Smyrna,7:30 AM - Noon,22,,LimeSurvey 198,
2026-07-22,Smyrna,Noon - 4:30 PM,28,,LimeSurvey 198,
2026-07-23,Smyrna,7:30 AM - Noon,36,,LimeSurvey 198,
2026-07-23,Smyrna,Noon - 4:30 PM,33,,LimeSurvey 198,
2026-07-24,Smyrna,7:30 AM - Noon,31,,LimeSurvey 198,
2026-07-24,Smyrna,Noon - 4:30 PM,28,,LimeSurvey 198,
2026-07-27,Smyrna,7:30 AM - Noon,13,,LimeSurvey 199,
2026-07-27,Smyrna,Noon - 4:30 PM,29,,LimeSurvey 199,
2026-07-28,Smyrna,7:30 AM - Noon,34,,LimeSurvey 199,
2026-07-28,Smyrna,Noon - 4:30 PM,31,,LimeSurvey 199,
2026-07-29,Smyrna,7:30 AM - Noon,27,,LimeSurvey 199,
2026-07-29,Smyrna,Noon - 4:30 PM,25,,LimeSurvey 199,
2026-07-30,Smyrna,7:30 AM - Noon,50,,LimeSurvey 199,
2026-07-30,Smyrna,Noon - 4:30 PM,55,,LimeSurvey 199,
2026-07-31,Smyrna,7:30 AM - Noon,41,,LimeSurvey 199,
2026-08-10,Smyrna,7:30 AM - Noon,35,,LimeSurvey 205,
2026-08-10,Smyrna,Noon - 4:30 PM,36,,LimeSurvey 205,
2026-08-11,Smyrna,7:30 AM - Noon,112,,LimeSurvey 205,
2026-08-11,Smyrna,Noon - 4:30 PM,41,,LimeSurvey 205,
2026-08-12,Smyrna,7:30 AM - Noon,98,,LimeSurvey 205,
2026-08-12,Smyrna,Noon - 4:30 PM,58,,LimeSurvey 205,
2026-08-13,Smyrna,7:30 AM - Noon,51,,LimeSurvey 205,
2026-08-13,Smyrna,Noon - 4:30 PM,73,,LimeSurvey 205,
2026-08-14,Smyrna,7:30 AM - Noon,37,,LimeSurvey 205,
2026-08-14,Smyrna,Noon - 4:30 PM,45,,LimeSurvey 205,
2026-08-18,Smyrna,7:30 AM - Noon,83,,LimeSurvey 207,
2026-08-18,Smyrna,Noon - 4:30 PM,53,,LimeSurvey 207,
2026-08-19,Smyrna,7:30 AM - Noon,74,,LimeSurvey 207,
2026-08-19,Smyrna,Noon - 4:30 PM,77,,LimeSurvey 207,
2026-08-20,Smyrna,7:30 AM - Noon,94,,LimeSurvey 207,
2026-08-20,Smyrna,Noon - 4:30 PM,69,,LimeSurvey 207,
2026-08-21,Smyrna,7:30 AM - Noon,206,,LimeSurvey 207,
2026-08-21,Smyrna,Noon - 4:30 PM,79,,LimeSurvey 207,
2026-08-24,Smyrna,4:30 PM - Close,44,,LimeSurvey 210,
2026-08-24,Smyrna,7:30 AM - Noon,275,,LimeSurvey 210,
2026-08-24,Smyrna,Noon - 4:30 PM,280,,LimeSurvey 210,
2026-08-25,Smyrna,4:30 PM - Close,38,,LimeSurvey 210,
2026-08-25,Smyrna,7:30 AM - Noon,259,,LimeSurvey 210,
2026-08-25,Smyrna,Noon - 4:30 PM,208,,LimeSurvey 210,
2026-08-26,Smyrna,4:30 PM - Close,44,,LimeSurvey 210,
2026-08-26,Smyrna,7:30 AM - Noon,194,,LimeSurvey 210,
2026-08-26,Smyrna,Noon - 4:30 PM,226,,LimeSurvey 210,
2026-08-27,Smyrna,4:30 PM - Close,22,,LimeSurvey 210,
2026-08-27,Smyrna,7:30 AM - Noon,210,,LimeSurvey 210,
2026-08-27,Smyrna,Noon - 4:30 PM,193,,LimeSurvey 210,
2026-08-28,Smyrna,7:30 AM - Noon,71,,LimeSurvey 210,
2026-08-28,Smyrna,Noon - 4:30 PM,62,,LimeSurvey 210,
2026-08-29,Smyrna,7:30 AM - Noon,14,,LimeSurvey 210,
2026-08-31,Smyrna,4:30 PM - Close,23,,LimeSurvey 213,
2026-08-31,Smyrna,7:30 AM - Noon,185,,LimeSurvey 213,
2026-08-31,Smyrna,Noon - 4:30 PM,262,,LimeSurvey 213,
2026-09-01,Smyrna,4:30 PM - Close,34,,LimeSurvey 213,
2026-09-01,Smyrna,7:30 AM - Noon,230,,LimeSurvey 213,
2026-09-01,Smyrna,Noon - 4:30 PM,203,,LimeSurvey 213,
2026-09-02,Smyrna,4:30 PM - Close,37,,LimeSurvey 213,
2026-09-02,Smyrna,7:30 AM - Noon,200,,LimeSurvey 213,
2026-09-02,Smyrna,Noon - 4:30 PM,198,,LimeSurvey 213,
2026-09-03,Smyrna,4:30 PM - Close,33,,LimeSurvey 213,
2026-09-03,Smyrna,7:30 AM - Noon,230,,LimeSurvey 213,
2026-09-03,Smyrna,Noon - 4:30 PM,166,,LimeSurvey 213,
2026-09-04,Smyrna,7:30 AM - Noon,101,,LimeSurvey 213,
2026-09-04,Smyrna,Noon - 4:30 PM,31,,LimeSurvey 213,
